dia;formato;mes;dia_semana;du;sab;dom;ferias;tipo_dia;feriado;ptes;eventos
20150101;01/01/2015;1;5;1;0;0;1;feriado;1;0;0
20150102;02/01/2015;1;6;1;0;0;1;ponte;0;1;0
20150103;03/01/2015;1;7;0;1;0;1;normal;0;0;0
20150104;04/01/2015;1;1;0;0;1;1;normal;0;0;0
20150105;05/01/2015;1;2;1;0;0;1;normal;0;0;0
20150106;06/01/2015;1;3;1;0;0;1;normal;0;0;0
20150107;07/01/2015;1;4;1;0;0;1;normal;0;0;0
20150108;08/01/2015;1;5;1;0;0;1;normal;0;0;0
20150109;09/01/2015;1;6;1;0;0;1;normal;0;0;0
20150110;10/01/2015;1;7;0;1;0;1;normal;0;0;0
20150111;11/01/2015;1;1;0;0;1;1;normal;0;0;0
20150112;12/01/2015;1;2;1;0;0;1;normal;0;0;0
20150113;13/01/2015;1;3;1;0;0;1;normal;0;0;0
20150114;14/01/2015;1;4;1;0;0;1;normal;0;0;0
20150115;15/01/2015;1;5;1;0;0;1;normal;0;0;0
20150116;16/01/2015;1;6;1;0;0;1;normal;0;0;0
20150117;17/01/2015;1;7;0;1;0;1;normal;0;0;0
20150118;18/01/2015;1;1;0;0;1;1;normal;0;0;0
20150119;19/01/2015;1;2;1;0;0;1;normal;0;0;0
20150120;20/01/2015;1;3;1;0;0;1;normal;0;0;0
20150121;21/01/2015;1;4;1;0;0;1;normal;0;0;0
20150122;22/01/2015;1;5;1;0;0;1;normal;0;0;0
20150123;23/01/2015;1;6;1;0;0;1;normal;0;0;0
20150124;24/01/2015;1;7;0;1;0;1;normal;0;0;0
20150125;25/01/2015;1;1;0;0;1;1;feriado;1;0;0
20150126;26/01/2015;1;2;1;0;0;1;normal;0;0;0
20150127;27/01/2015;1;3;1;0;0;1;normal;0;0;0
20150128;28/01/2015;1;4;1;0;0;1;normal;0;0;0
20150129;29/01/2015;1;5;1;0;0;1;normal;0;0;0
20150130;30/01/2015;1;6;1;0;0;1;normal;0;0;0
20150131;31/01/2015;1;7;0;1;0;1;normal;0;0;0
20150201;01/02/2015;2;1;0;0;1;1;normal;0;0;0
20150202;02/02/2015;2;2;1;0;0;1;normal;0;0;0
20150203;03/02/2015;2;3;1;0;0;1;normal;0;0;0
20150204;04/02/2015;2;4;1;0;0;1;normal;0;0;0
20150205;05/02/2015;2;5;1;0;0;1;normal;0;0;0
20150206;06/02/2015;2;6;1;0;0;1;normal;0;0;0
20150207;07/02/2015;2;7;0;1;0;1;normal;0;0;0
20150208;08/02/2015;2;1;0;0;1;1;normal;0;0;0
20150209;09/02/2015;2;2;1;0;0;1;normal;0;0;0
20150210;10/02/2015;2;3;1;0;0;1;normal;0;0;0
20150211;11/02/2015;2;4;1;0;0;1;normal;0;0;0
20150212;12/02/2015;2;5;1;0;0;1;normal;0;0;0
20150213;13/02/2015;2;6;1;0;0;1;normal;0;0;0
20150214;14/02/2015;2;7;0;1;0;1;normal;0;0;0
20150215;15/02/2015;2;1;0;0;1;1;normal;0;0;0
20150216;16/02/2015;2;2;1;0;0;1;ponte;0;1;0
20150217;17/02/2015;2;3;1;0;0;1;feriado;1;0;0
20150218;18/02/2015;2;4;1;0;0;1;feriado;1;0;0
20150219;19/02/2015;2;5;1;0;0;1;normal;0;0;0
20150220;20/02/2015;2;6;1;0;0;1;normal;0;0;0
20150221;21/02/2015;2;7;0;1;0;1;normal;0;0;0
20150222;22/02/2015;2;1;0;0;1;1;normal;0;0;0
20150223;23/02/2015;2;2;1;0;0;1;normal;0;0;0
20150224;24/02/2015;2;3;1;0;0;1;normal;0;0;0
20150225;25/02/2015;2;4;1;0;0;1;normal;0;0;0
20150226;26/02/2015;2;5;1;0;0;1;normal;0;0;0
20150227;27/02/2015;2;6;1;0;0;1;normal;0;0;0
20150228;28/02/2015;2;7;0;1;0;1;normal;0;0;0
20150301;01/03/2015;3;1;0;0;1;0;normal;0;0;0
20150302;02/03/2015;3;2;1;0;0;0;normal;0;0;0
20150303;03/03/2015;3;3;1;0;0;0;normal;0;0;0
20150304;04/03/2015;3;4;1;0;0;0;normal;0;0;0
20150305;05/03/2015;3;5;1;0;0;0;normal;0;0;0
20150306;06/03/2015;3;6;1;0;0;0;normal;0;0;0
20150307;07/03/2015;3;7;0;1;0;0;normal;0;0;0
20150308;08/03/2015;3;1;0;0;1;0;normal;0;0;0
20150309;09/03/2015;3;2;1;0;0;0;normal;0;0;0
20150310;10/03/2015;3;3;1;0;0;0;normal;0;0;0
20150311;11/03/2015;3;4;1;0;0;0;normal;0;0;0
20150312;12/03/2015;3;5;1;0;0;0;normal;0;0;0
20150313;13/03/2015;3;6;1;0;0;0;normal;0;0;0
20150314;14/03/2015;3;7;0;1;0;0;normal;0;0;0
20150315;15/03/2015;3;1;0;0;1;0;normal;0;0;0
20150316;16/03/2015;3;2;1;0;0;0;normal;0;0;0
20150317;17/03/2015;3;3;1;0;0;0;normal;0;0;0
20150318;18/03/2015;3;4;1;0;0;0;normal;0;0;0
20150319;19/03/2015;3;5;1;0;0;0;normal;0;0;0
20150320;20/03/2015;3;6;1;0;0;0;normal;0;0;0
20150321;21/03/2015;3;7;0;1;0;0;normal;0;0;0
20150322;22/03/2015;3;1;0;0;1;0;normal;0;0;0
20150323;23/03/2015;3;2;1;0;0;0;normal;0;0;0
20150324;24/03/2015;3;3;1;0;0;0;normal;0;0;0
20150325;25/03/2015;3;4;1;0;0;0;normal;0;0;0
20150326;26/03/2015;3;5;1;0;0;0;normal;0;0;0
20150327;27/03/2015;3;6;1;0;0;0;normal;0;0;0
20150328;28/03/2015;3;7;0;1;0;0;normal;0;0;0
20150329;29/03/2015;3;1;0;0;1;0;normal;0;0;0
20150330;30/03/2015;3;2;1;0;0;0;normal;0;0;0
20150331;31/03/2015;3;3;1;0;0;0;normal;0;0;0
20150401;01/04/2015;4;4;1;0;0;0;normal;0;0;0
20150402;02/04/2015;4;5;1;0;0;0;normal;0;0;0
20150403;03/04/2015;4;6;1;0;0;0;feriado;1;0;0
20150404;04/04/2015;4;7;0;1;0;0;normal;0;0;0
20150405;05/04/2015;4;1;0;0;1;0;normal;0;0;0
20150406;06/04/2015;4;2;1;0;0;0;normal;0;0;0
20150407;07/04/2015;4;3;1;0;0;0;normal;0;0;0
20150408;08/04/2015;4;4;1;0;0;0;normal;0;0;0
20150409;09/04/2015;4;5;1;0;0;0;normal;0;0;0
20150410;10/04/2015;4;6;1;0;0;0;normal;0;0;0
20150411;11/04/2015;4;7;0;1;0;0;normal;0;0;0
20150412;12/04/2015;4;1;0;0;1;0;normal;0;0;0
20150413;13/04/2015;4;2;1;0;0;0;normal;0;0;0
20150414;14/04/2015;4;3;1;0;0;0;normal;0;0;0
20150415;15/04/2015;4;4;1;0;0;0;normal;0;0;0
20150416;16/04/2015;4;5;1;0;0;0;normal;0;0;0
20150417;17/04/2015;4;6;1;0;0;0;normal;0;0;0
20150418;18/04/2015;4;7;0;1;0;0;normal;0;0;0
20150419;19/04/2015;4;1;0;0;1;0;normal;0;0;0
20150420;20/04/2015;4;2;1;0;0;0;ponte;0;1;0
20150421;21/04/2015;4;3;1;0;0;0;feriado;1;0;0
20150422;22/04/2015;4;4;1;0;0;0;normal;0;0;0
20150423;23/04/2015;4;5;1;0;0;0;normal;0;0;0
20150424;24/04/2015;4;6;1;0;0;0;normal;0;0;0
20150425;25/04/2015;4;7;0;1;0;0;normal;0;0;0
20150426;26/04/2015;4;1;0;0;1;0;normal;0;0;0
20150427;27/04/2015;4;2;1;0;0;0;normal;0;0;0
20150428;28/04/2015;4;3;1;0;0;0;normal;0;0;0
20150429;29/04/2015;4;4;1;0;0;0;normal;0;0;0
20150430;30/04/2015;4;5;1;0;0;0;normal;0;0;0
20150501;01/05/2015;5;6;1;0;0;0;feriado;1;0;0
20150502;02/05/2015;5;7;0;1;0;0;normal;0;0;0
20150503;03/05/2015;5;1;0;0;1;0;normal;0;0;0
20150504;04/05/2015;5;2;1;0;0;0;normal;0;0;0
20150505;05/05/2015;5;3;1;0;0;0;normal;0;0;0
20150506;06/05/2015;5;4;1;0;0;0;normal;0;0;0
20150507;07/05/2015;5;5;1;0;0;0;normal;0;0;0
20150508;08/05/2015;5;6;1;0;0;0;normal;0;0;0
20150509;09/05/2015;5;7;0;1;0;0;normal;0;0;0
20150510;10/05/2015;5;1;0;0;1;0;normal;0;0;0
20150511;11/05/2015;5;2;1;0;0;0;normal;0;0;0
20150512;12/05/2015;5;3;1;0;0;0;normal;0;0;0
20150513;13/05/2015;5;4;1;0;0;0;normal;0;0;0
20150514;14/05/2015;5;5;1;0;0;0;normal;0;0;0
20150515;15/05/2015;5;6;1;0;0;0;normal;0;0;0
20150516;16/05/2015;5;7;0;1;0;0;normal;0;0;0
20150517;17/05/2015;5;1;0;0;1;0;normal;0;0;0
20150518;18/05/2015;5;2;1;0;0;0;normal;0;0;0
20150519;19/05/2015;5;3;1;0;0;0;normal;0;0;0
20150520;20/05/2015;5;4;1;0;0;0;normal;0;0;0
20150521;21/05/2015;5;5;1;0;0;0;normal;0;0;0
20150522;22/05/2015;5;6;1;0;0;0;normal;0;0;0
20150523;23/05/2015;5;7;0;1;0;0;normal;0;0;0
20150524;24/05/2015;5;1;0;0;1;0;normal;0;0;0
20150525;25/05/2015;5;2;1;0;0;0;normal;0;0;0
20150526;26/05/2015;5;3;1;0;0;0;normal;0;0;0
20150527;27/05/2015;5;4;1;0;0;0;normal;0;0;0
20150528;28/05/2015;5;5;1;0;0;0;normal;0;0;0
20150529;29/05/2015;5;6;1;0;0;0;normal;0;0;0
20150530;30/05/2015;5;7;0;1;0;0;normal;0;0;0
20150531;31/05/2015;5;1;0;0;1;0;normal;0;0;0
20150601;01/06/2015;6;2;1;0;0;0;normal;0;0;0
20150602;02/06/2015;6;3;1;0;0;0;normal;0;0;0
20150603;03/06/2015;6;4;1;0;0;0;normal;0;0;0
20150604;04/06/2015;6;5;1;0;0;0;feriado;1;0;0
20150605;05/06/2015;6;6;1;0;0;0;ponte;0;1;0
20150606;06/06/2015;6;7;0;1;0;0;normal;0;0;0
20150607;07/06/2015;6;1;0;0;1;0;normal;0;0;0
20150608;08/06/2015;6;2;1;0;0;0;normal;0;0;0
20150609;09/06/2015;6;3;1;0;0;0;normal;0;0;0
20150610;10/06/2015;6;4;1;0;0;0;normal;0;0;0
20150611;11/06/2015;6;5;1;0;0;0;normal;0;0;0
20150612;12/06/2015;6;6;1;0;0;0;normal;0;0;0
20150613;13/06/2015;6;7;0;1;0;0;normal;0;0;0
20150614;14/06/2015;6;1;0;0;1;0;normal;0;0;0
20150615;15/06/2015;6;2;1;0;0;0;normal;0;0;0
20150616;16/06/2015;6;3;1;0;0;0;normal;0;0;0
20150617;17/06/2015;6;4;1;0;0;0;normal;0;0;0
20150618;18/06/2015;6;5;1;0;0;0;normal;0;0;0
20150619;19/06/2015;6;6;1;0;0;0;normal;0;0;0
20150620;20/06/2015;6;7;0;1;0;0;normal;0;0;0
20150621;21/06/2015;6;1;0;0;1;0;normal;0;0;0
20150622;22/06/2015;6;2;1;0;0;0;normal;0;0;0
20150623;23/06/2015;6;3;1;0;0;0;normal;0;0;0
20150624;24/06/2015;6;4;1;0;0;0;normal;0;0;0
20150625;25/06/2015;6;5;1;0;0;0;normal;0;0;0
20150626;26/06/2015;6;6;1;0;0;0;normal;0;0;0
20150627;27/06/2015;6;7;0;1;0;0;normal;0;0;0
20150628;28/06/2015;6;1;0;0;1;0;normal;0;0;0
20150629;29/06/2015;6;2;1;0;0;0;normal;0;0;0
20150630;30/06/2015;6;3;1;0;0;0;normal;0;0;0
20150701;01/07/2015;7;4;1;0;0;1;normal;0;0;0
20150702;02/07/2015;7;5;1;0;0;1;normal;0;0;0
20150703;03/07/2015;7;6;1;0;0;1;normal;0;0;0
20150704;04/07/2015;7;7;0;1;0;1;normal;0;0;0
20150705;05/07/2015;7;1;0;0;1;1;normal;0;0;0
20150706;06/07/2015;7;2;1;0;0;1;normal;0;0;0
20150707;07/07/2015;7;3;1;0;0;1;normal;0;0;0
20150708;08/07/2015;7;4;1;0;0;1;normal;0;0;0
20150709;09/07/2015;7;5;1;0;0;1;feriado;1;0;0
20150710;10/07/2015;7;6;1;0;0;1;ponte;0;1;0
20150711;11/07/2015;7;7;0;1;0;1;normal;0;0;0
20150712;12/07/2015;7;1;0;0;1;1;normal;0;0;0
20150713;13/07/2015;7;2;1;0;0;1;normal;0;0;0
20150714;14/07/2015;7;3;1;0;0;1;normal;0;0;0
20150715;15/07/2015;7;4;1;0;0;1;normal;0;0;0
20150716;16/07/2015;7;5;1;0;0;1;normal;0;0;0
20150717;17/07/2015;7;6;1;0;0;1;normal;0;0;0
20150718;18/07/2015;7;7;0;1;0;1;normal;0;0;0
20150719;19/07/2015;7;1;0;0;1;1;normal;0;0;0
20150720;20/07/2015;7;2;1;0;0;1;normal;0;0;0
20150721;21/07/2015;7;3;1;0;0;1;normal;0;0;0
20150722;22/07/2015;7;4;1;0;0;1;normal;0;0;0
20150723;23/07/2015;7;5;1;0;0;1;normal;0;0;0
20150724;24/07/2015;7;6;1;0;0;1;normal;0;0;0
20150725;25/07/2015;7;7;0;1;0;1;normal;0;0;0
20150726;26/07/2015;7;1;0;0;1;1;normal;0;0;0
20150727;27/07/2015;7;2;1;0;0;1;normal;0;0;0
20150728;28/07/2015;7;3;1;0;0;1;normal;0;0;0
20150729;29/07/2015;7;4;1;0;0;1;normal;0;0;0
20150730;30/07/2015;7;5;1;0;0;1;normal;0;0;0
20150731;31/07/2015;7;6;1;0;0;1;normal;0;0;0
20150801;01/08/2015;8;7;0;1;0;0;normal;0;0;0
20150802;02/08/2015;8;1;0;0;1;0;normal;0;0;0
20150803;03/08/2015;8;2;1;0;0;0;normal;0;0;0
20150804;04/08/2015;8;3;1;0;0;0;normal;0;0;0
20150805;05/08/2015;8;4;1;0;0;0;normal;0;0;0
20150806;06/08/2015;8;5;1;0;0;0;normal;0;0;0
20150807;07/08/2015;8;6;1;0;0;0;normal;0;0;0
20150808;08/08/2015;8;7;0;1;0;0;normal;0;0;0
20150809;09/08/2015;8;1;0;0;1;0;normal;0;0;0
20150810;10/08/2015;8;2;1;0;0;0;normal;0;0;0
20150811;11/08/2015;8;3;1;0;0;0;normal;0;0;0
20150812;12/08/2015;8;4;1;0;0;0;normal;0;0;0
20150813;13/08/2015;8;5;1;0;0;0;normal;0;0;0
20150814;14/08/2015;8;6;1;0;0;0;normal;0;0;0
20150815;15/08/2015;8;7;0;1;0;0;normal;0;0;0
20150816;16/08/2015;8;1;0;0;1;0;normal;0;0;0
20150817;17/08/2015;8;2;1;0;0;0;normal;0;0;0
20150818;18/08/2015;8;3;1;0;0;0;normal;0;0;0
20150819;19/08/2015;8;4;1;0;0;0;normal;0;0;0
20150820;20/08/2015;8;5;1;0;0;0;normal;0;0;0
20150821;21/08/2015;8;6;1;0;0;0;normal;0;0;0
20150822;22/08/2015;8;7;0;1;0;0;normal;0;0;0
20150823;23/08/2015;8;1;0;0;1;0;normal;0;0;0
20150824;24/08/2015;8;2;1;0;0;0;normal;0;0;0
20150825;25/08/2015;8;3;1;0;0;0;normal;0;0;0
20150826;26/08/2015;8;4;1;0;0;0;normal;0;0;0
20150827;27/08/2015;8;5;1;0;0;0;normal;0;0;0
20150828;28/08/2015;8;6;1;0;0;0;normal;0;0;0
20150829;29/08/2015;8;7;0;1;0;0;normal;0;0;0
20150830;30/08/2015;8;1;0;0;1;0;normal;0;0;0
20150831;31/08/2015;8;2;1;0;0;0;normal;0;0;0
20150901;01/09/2015;9;3;1;0;0;0;normal;0;0;0
20150902;02/09/2015;9;4;1;0;0;0;normal;0;0;0
20150903;03/09/2015;9;5;1;0;0;0;normal;0;0;0
20150904;04/09/2015;9;6;1;0;0;0;normal;0;0;0
20150905;05/09/2015;9;7;0;1;0;0;normal;0;0;0
20150906;06/09/2015;9;1;0;0;1;0;normal;0;0;0
20150907;07/09/2015;9;2;1;0;0;0;feriado;1;0;0
20150908;08/09/2015;9;3;1;0;0;0;normal;0;0;0
20150909;09/09/2015;9;4;1;0;0;0;normal;0;0;0
20150910;10/09/2015;9;5;1;0;0;0;normal;0;0;0
20150911;11/09/2015;9;6;1;0;0;0;normal;0;0;0
20150912;12/09/2015;9;7;0;1;0;0;normal;0;0;0
20150913;13/09/2015;9;1;0;0;1;0;normal;0;0;0
20150914;14/09/2015;9;2;1;0;0;0;normal;0;0;0
20150915;15/09/2015;9;3;1;0;0;0;normal;0;0;0
20150916;16/09/2015;9;4;1;0;0;0;normal;0;0;0
20150917;17/09/2015;9;5;1;0;0;0;normal;0;0;0
20150918;18/09/2015;9;6;1;0;0;0;normal;0;0;0
20150919;19/09/2015;9;7;0;1;0;0;normal;0;0;0
20150920;20/09/2015;9;1;0;0;1;0;normal;0;0;0
20150921;21/09/2015;9;2;1;0;0;0;normal;0;0;0
20150922;22/09/2015;9;3;1;0;0;0;normal;0;0;0
20150923;23/09/2015;9;4;1;0;0;0;normal;0;0;0
20150924;24/09/2015;9;5;1;0;0;0;normal;0;0;0
20150925;25/09/2015;9;6;1;0;0;0;normal;0;0;0
20150926;26/09/2015;9;7;0;1;0;0;normal;0;0;0
20150927;27/09/2015;9;1;0;0;1;0;normal;0;0;0
20150928;28/09/2015;9;2;1;0;0;0;normal;0;0;0
20150929;29/09/2015;9;3;1;0;0;0;normal;0;0;0
20150930;30/09/2015;9;4;1;0;0;0;normal;0;0;0
20151001;01/10/2015;10;5;1;0;0;0;normal;0;0;0
20151002;02/10/2015;10;6;1;0;0;0;normal;0;0;0
20151003;03/10/2015;10;7;0;1;0;0;normal;0;0;0
20151004;04/10/2015;10;1;0;0;1;0;normal;0;0;0
20151005;05/10/2015;10;2;1;0;0;0;normal;0;0;0
20151006;06/10/2015;10;3;1;0;0;0;normal;0;0;0
20151007;07/10/2015;10;4;1;0;0;0;normal;0;0;0
20151008;08/10/2015;10;5;1;0;0;0;normal;0;0;0
20151009;09/10/2015;10;6;1;0;0;0;normal;0;0;0
20151010;10/10/2015;10;7;0;1;0;0;normal;0;0;0
20151011;11/10/2015;10;1;0;0;1;0;normal;0;0;0
20151012;12/10/2015;10;2;1;0;0;0;feriado;1;0;0
20151013;13/10/2015;10;3;1;0;0;0;normal;0;0;0
20151014;14/10/2015;10;4;1;0;0;0;normal;0;0;0
20151015;15/10/2015;10;5;1;0;0;0;normal;0;0;0
20151016;16/10/2015;10;6;1;0;0;0;normal;0;0;0
20151017;17/10/2015;10;7;0;1;0;0;normal;0;0;0
20151018;18/10/2015;10;1;0;0;1;0;normal;0;0;0
20151019;19/10/2015;10;2;1;0;0;0;normal;0;0;0
20151020;20/10/2015;10;3;1;0;0;0;normal;0;0;0
20151021;21/10/2015;10;4;1;0;0;0;normal;0;0;0
20151022;22/10/2015;10;5;1;0;0;0;normal;0;0;0
20151023;23/10/2015;10;6;1;0;0;0;normal;0;0;0
20151024;24/10/2015;10;7;0;1;0;0;normal;0;0;0
20151025;25/10/2015;10;1;0;0;1;0;evento;0;0;1
20151026;26/10/2015;10;2;1;0;0;0;normal;0;0;0
20151027;27/10/2015;10;3;1;0;0;0;normal;0;0;0
20151028;28/10/2015;10;4;1;0;0;0;normal;0;0;0
20151029;29/10/2015;10;5;1;0;0;0;normal;0;0;0
20151030;30/10/2015;10;6;1;0;0;0;normal;0;0;0
20151031;31/10/2015;10;7;0;1;0;0;normal;0;0;0
20151101;01/11/2015;11;1;0;0;1;0;normal;0;0;0
20151102;02/11/2015;11;2;1;0;0;0;feriado;1;0;0
20151103;03/11/2015;11;3;1;0;0;0;normal;0;0;0
20151104;04/11/2015;11;4;1;0;0;0;normal;0;0;0
20151105;05/11/2015;11;5;1;0;0;0;normal;0;0;0
20151106;06/11/2015;11;6;1;0;0;0;normal;0;0;0
20151107;07/11/2015;11;7;0;1;0;0;normal;0;0;0
20151108;08/11/2015;11;1;0;0;1;0;normal;0;0;0
20151109;09/11/2015;11;2;1;0;0;0;normal;0;0;0
20151110;10/11/2015;11;3;1;0;0;0;normal;0;0;0
20151111;11/11/2015;11;4;1;0;0;0;normal;0;0;0
20151112;12/11/2015;11;5;1;0;0;0;normal;0;0;0
20151113;13/11/2015;11;6;1;0;0;0;normal;0;0;0
20151114;14/11/2015;11;7;0;1;0;0;normal;0;0;0
20151115;15/11/2015;11;1;0;0;1;0;feriado;1;0;0
20151116;16/11/2015;11;2;1;0;0;0;normal;0;0;0
20151117;17/11/2015;11;3;1;0;0;0;normal;0;0;0
20151118;18/11/2015;11;4;1;0;0;0;normal;0;0;0
20151119;19/11/2015;11;5;1;0;0;0;normal;0;0;0
20151120;20/11/2015;11;6;1;0;0;0;feriado;1;0;0
20151121;21/11/2015;11;7;0;1;0;0;normal;0;0;0
20151122;22/11/2015;11;1;0;0;1;0;normal;0;0;0
20151123;23/11/2015;11;2;1;0;0;0;normal;0;0;0
20151124;24/11/2015;11;3;1;0;0;0;normal;0;0;0
20151125;25/11/2015;11;4;1;0;0;0;normal;0;0;0
20151126;26/11/2015;11;5;1;0;0;0;normal;0;0;0
20151127;27/11/2015;11;6;1;0;0;0;normal;0;0;0
20151128;28/11/2015;11;7;0;1;0;0;normal;0;0;0
20151129;29/11/2015;11;1;0;0;1;0;normal;0;0;0
20151130;30/11/2015;11;2;1;0;0;0;normal;0;0;0
20151201;01/12/2015;12;3;1;0;0;1;normal;0;0;0
20151202;02/12/2015;12;4;1;0;0;1;normal;0;0;0
20151203;03/12/2015;12;5;1;0;0;1;normal;0;0;0
20151204;04/12/2015;12;6;1;0;0;1;normal;0;0;0
20151205;05/12/2015;12;7;0;1;0;1;normal;0;0;0
20151206;06/12/2015;12;1;0;0;1;1;normal;0;0;0
20151207;07/12/2015;12;2;1;0;0;1;normal;0;0;0
20151208;08/12/2015;12;3;1;0;0;1;normal;0;0;0
20151209;09/12/2015;12;4;1;0;0;1;normal;0;0;0
20151210;10/12/2015;12;5;1;0;0;1;normal;0;0;0
20151211;11/12/2015;12;6;1;0;0;1;normal;0;0;0
20151212;12/12/2015;12;7;0;1;0;1;normal;0;0;0
20151213;13/12/2015;12;1;0;0;1;1;normal;0;0;0
20151214;14/12/2015;12;2;1;0;0;1;normal;0;0;0
20151215;15/12/2015;12;3;1;0;0;1;normal;0;0;0
20151216;16/12/2015;12;4;1;0;0;1;normal;0;0;0
20151217;17/12/2015;12;5;1;0;0;1;normal;0;0;0
20151218;18/12/2015;12;6;1;0;0;1;normal;0;0;0
20151219;19/12/2015;12;7;0;1;0;1;normal;0;0;0
20151220;20/12/2015;12;1;0;0;1;1;normal;0;0;0
20151221;21/12/2015;12;2;1;0;0;1;normal;0;0;0
20151222;22/12/2015;12;3;1;0;0;1;normal;0;0;0
20151223;23/12/2015;12;4;1;0;0;1;normal;0;0;0
20151224;24/12/2015;12;5;1;0;0;1;evento;0;0;1
20151225;25/12/2015;12;6;1;0;0;1;feriado;1;0;0
20151226;26/12/2015;12;7;0;1;0;1;normal;0;0;0
20151227;27/12/2015;12;1;0;0;1;1;normal;0;0;0
20151228;28/12/2015;12;2;1;0;0;1;normal;0;0;0
20151229;29/12/2015;12;3;1;0;0;1;normal;0;0;0
20151230;30/12/2015;12;4;1;0;0;1;normal;0;0;0
20151231;31/12/2015;12;5;1;0;0;1;evento;0;0;1
20160101;01/01/2016;1;6;1;0;0;1;feriado;1;0;0
20160102;02/01/2016;1;7;0;1;0;1;normal;0;0;0
20160103;03/01/2016;1;1;0;0;1;1;normal;0;0;0
20160104;04/01/2016;1;2;1;0;0;1;normal;0;0;0
20160105;05/01/2016;1;3;1;0;0;1;normal;0;0;0
20160106;06/01/2016;1;4;1;0;0;1;normal;0;0;0
20160107;07/01/2016;1;5;1;0;0;1;normal;0;0;0
20160108;08/01/2016;1;6;1;0;0;1;normal;0;0;0
20160109;09/01/2016;1;7;0;1;0;1;normal;0;0;0
20160110;10/01/2016;1;1;0;0;1;1;normal;0;0;0
20160111;11/01/2016;1;2;1;0;0;1;normal;0;0;0
20160112;12/01/2016;1;3;1;0;0;1;normal;0;0;0
20160113;13/01/2016;1;4;1;0;0;1;normal;0;0;0
20160114;14/01/2016;1;5;1;0;0;1;normal;0;0;0
20160115;15/01/2016;1;6;1;0;0;1;normal;0;0;0
20160116;16/01/2016;1;7;0;1;0;1;normal;0;0;0
20160117;17/01/2016;1;1;0;0;1;1;normal;0;0;0
20160118;18/01/2016;1;2;1;0;0;1;normal;0;0;0
20160119;19/01/2016;1;3;1;0;0;1;normal;0;0;0
20160120;20/01/2016;1;4;1;0;0;1;normal;0;0;0
20160121;21/01/2016;1;5;1;0;0;1;normal;0;0;0
20160122;22/01/2016;1;6;1;0;0;1;normal;0;0;0
20160123;23/01/2016;1;7;0;1;0;1;normal;0;0;0
20160124;24/01/2016;1;1;0;0;1;1;normal;0;0;0
20160125;25/01/2016;1;2;1;0;0;1;feriado;1;0;0
20160126;26/01/2016;1;3;1;0;0;1;normal;0;0;0
20160127;27/01/2016;1;4;1;0;0;1;normal;0;0;0
20160128;28/01/2016;1;5;1;0;0;1;normal;0;0;0
20160129;29/01/2016;1;6;1;0;0;1;normal;0;0;0
20160130;30/01/2016;1;7;0;1;0;1;normal;0;0;0
20160131;31/01/2016;1;1;0;0;1;1;normal;0;0;0
20160201;01/02/2016;2;2;1;0;0;1;normal;0;0;0
20160202;02/02/2016;2;3;1;0;0;1;normal;0;0;0
20160203;03/02/2016;2;4;1;0;0;1;normal;0;0;0
20160204;04/02/2016;2;5;1;0;0;1;normal;0;0;0
20160205;05/02/2016;2;6;1;0;0;1;normal;0;0;0
20160206;06/02/2016;2;7;0;1;0;1;evento;0;0;1
20160207;07/02/2016;2;1;0;0;1;1;evento;0;0;1
20160208;08/02/2016;2;2;1;0;0;1;ponte;0;1;0
20160209;09/02/2016;2;3;1;0;0;1;feriado;1;0;0
20160210;10/02/2016;2;4;1;0;0;1;feriado;1;0;0
20160211;11/02/2016;2;5;1;0;0;1;normal;0;0;0
20160212;12/02/2016;2;6;1;0;0;1;evento;0;0;1
20160213;13/02/2016;2;7;0;1;0;1;evento;0;0;1
20160214;14/02/2016;2;1;0;0;1;1;normal;0;0;0
20160215;15/02/2016;2;2;1;0;0;1;normal;0;0;0
20160216;16/02/2016;2;3;1;0;0;1;normal;0;0;0
20160217;17/02/2016;2;4;1;0;0;1;normal;0;0;0
20160218;18/02/2016;2;5;1;0;0;1;normal;0;0;0
20160219;19/02/2016;2;6;1;0;0;1;normal;0;0;0
20160220;20/02/2016;2;7;0;1;0;1;normal;0;0;0
20160221;21/02/2016;2;1;0;0;1;1;normal;0;0;0
20160222;22/02/2016;2;2;1;0;0;1;normal;0;0;0
20160223;23/02/2016;2;3;1;0;0;1;normal;0;0;0
20160224;24/02/2016;2;4;1;0;0;1;normal;0;0;0
20160225;25/02/2016;2;5;1;0;0;1;normal;0;0;0
20160226;26/02/2016;2;6;1;0;0;1;normal;0;0;0
20160227;27/02/2016;2;7;0;1;0;1;normal;0;0;0
20160228;28/02/2016;2;1;0;0;1;1;normal;0;0;0
20160229;29/02/2016;2;2;1;0;0;1;normal;0;0;0
20160301;01/03/2016;3;3;1;0;0;0;normal;0;0;0
20160302;02/03/2016;3;4;1;0;0;0;normal;0;0;0
20160303;03/03/2016;3;5;1;0;0;0;normal;0;0;0
20160304;04/03/2016;3;6;1;0;0;0;normal;0;0;0
20160305;05/03/2016;3;7;0;1;0;0;normal;0;0;0
20160306;06/03/2016;3;1;0;0;1;0;normal;0;0;0
20160307;07/03/2016;3;2;1;0;0;0;normal;0;0;0
20160308;08/03/2016;3;3;1;0;0;0;normal;0;0;0
20160309;09/03/2016;3;4;1;0;0;0;normal;0;0;0
20160310;10/03/2016;3;5;1;0;0;0;normal;0;0;0
20160311;11/03/2016;3;6;1;0;0;0;normal;0;0;0
20160312;12/03/2016;3;7;0;1;0;0;normal;0;0;0
20160313;13/03/2016;3;1;0;0;1;0;normal;0;0;0
20160314;14/03/2016;3;2;1;0;0;0;normal;0;0;0
20160315;15/03/2016;3;3;1;0;0;0;normal;0;0;0
20160316;16/03/2016;3;4;1;0;0;0;normal;0;0;0
20160317;17/03/2016;3;5;1;0;0;0;normal;0;0;0
20160318;18/03/2016;3;6;1;0;0;0;normal;0;0;0
20160319;19/03/2016;3;7;0;1;0;0;normal;0;0;0
20160320;20/03/2016;3;1;0;0;1;0;normal;0;0;0
20160321;21/03/2016;3;2;1;0;0;0;normal;0;0;0
20160322;22/03/2016;3;3;1;0;0;0;normal;0;0;0
20160323;23/03/2016;3;4;1;0;0;0;normal;0;0;0
20160324;24/03/2016;3;5;1;0;0;0;normal;0;0;0
20160325;25/03/2016;3;6;1;0;0;0;feriado;1;0;0
20160326;26/03/2016;3;7;0;1;0;0;normal;0;0;0
20160327;27/03/2016;3;1;0;0;1;0;normal;0;0;0
20160328;28/03/2016;3;2;1;0;0;0;normal;0;0;0
20160329;29/03/2016;3;3;1;0;0;0;normal;0;0;0
20160330;30/03/2016;3;4;1;0;0;0;normal;0;0;0
20160331;31/03/2016;3;5;1;0;0;0;normal;0;0;0
20160401;01/04/2016;4;6;1;0;0;0;normal;0;0;0
20160402;02/04/2016;4;7;0;1;0;0;normal;0;0;0
20160403;03/04/2016;4;1;0;0;1;0;normal;0;0;0
20160404;04/04/2016;4;2;1;0;0;0;normal;0;0;0
20160405;05/04/2016;4;3;1;0;0;0;normal;0;0;0
20160406;06/04/2016;4;4;1;0;0;0;normal;0;0;0
20160407;07/04/2016;4;5;1;0;0;0;normal;0;0;0
20160408;08/04/2016;4;6;1;0;0;0;normal;0;0;0
20160409;09/04/2016;4;7;0;1;0;0;normal;0;0;0
20160410;10/04/2016;4;1;0;0;1;0;normal;0;0;0
20160411;11/04/2016;4;2;1;0;0;0;normal;0;0;0
20160412;12/04/2016;4;3;1;0;0;0;normal;0;0;0
20160413;13/04/2016;4;4;1;0;0;0;normal;0;0;0
20160414;14/04/2016;4;5;1;0;0;0;normal;0;0;0
20160415;15/04/2016;4;6;1;0;0;0;normal;0;0;0
20160416;16/04/2016;4;7;0;1;0;0;normal;0;0;0
20160417;17/04/2016;4;1;0;0;1;0;normal;0;0;0
20160418;18/04/2016;4;2;1;0;0;0;normal;0;0;0
20160419;19/04/2016;4;3;1;0;0;0;normal;0;0;0
20160420;20/04/2016;4;4;1;0;0;0;normal;0;0;0
20160421;21/04/2016;4;5;1;0;0;0;feriado;1;0;0
20160422;22/04/2016;4;6;1;0;0;0;ponte;0;1;0
20160423;23/04/2016;4;7;0;1;0;0;normal;0;0;0
20160424;24/04/2016;4;1;0;0;1;0;normal;0;0;0
20160425;25/04/2016;4;2;1;0;0;0;normal;0;0;0
20160426;26/04/2016;4;3;1;0;0;0;normal;0;0;0
20160427;27/04/2016;4;4;1;0;0;0;normal;0;0;0
20160428;28/04/2016;4;5;1;0;0;0;normal;0;0;0
20160429;29/04/2016;4;6;1;0;0;0;normal;0;0;0
20160430;30/04/2016;4;7;0;1;0;0;normal;0;0;0
20160501;01/05/2016;5;1;0;0;1;0;feriado;1;0;0
20160502;02/05/2016;5;2;1;0;0;0;normal;0;0;0
20160503;03/05/2016;5;3;1;0;0;0;normal;0;0;0
20160504;04/05/2016;5;4;1;0;0;0;normal;0;0;0
20160505;05/05/2016;5;5;1;0;0;0;normal;0;0;0
20160506;06/05/2016;5;6;1;0;0;0;normal;0;0;0
20160507;07/05/2016;5;7;0;1;0;0;normal;0;0;0
20160508;08/05/2016;5;1;0;0;1;0;normal;0;0;0
20160509;09/05/2016;5;2;1;0;0;0;normal;0;0;0
20160510;10/05/2016;5;3;1;0;0;0;normal;0;0;0
20160511;11/05/2016;5;4;1;0;0;0;normal;0;0;0
20160512;12/05/2016;5;5;1;0;0;0;normal;0;0;0
20160513;13/05/2016;5;6;1;0;0;0;normal;0;0;0
20160514;14/05/2016;5;7;0;1;0;0;normal;0;0;0
20160515;15/05/2016;5;1;0;0;1;0;normal;0;0;0
20160516;16/05/2016;5;2;1;0;0;0;normal;0;0;0
20160517;17/05/2016;5;3;1;0;0;0;normal;0;0;0
20160518;18/05/2016;5;4;1;0;0;0;normal;0;0;0
20160519;19/05/2016;5;5;1;0;0;0;normal;0;0;0
20160520;20/05/2016;5;6;1;0;0;0;normal;0;0;0
20160521;21/05/2016;5;7;0;1;0;0;normal;0;0;0
20160522;22/05/2016;5;1;0;0;1;0;normal;0;0;0
20160523;23/05/2016;5;2;1;0;0;0;normal;0;0;0
20160524;24/05/2016;5;3;1;0;0;0;normal;0;0;0
20160525;25/05/2016;5;4;1;0;0;0;normal;0;0;0
20160526;26/05/2016;5;5;1;0;0;0;feriado;1;0;0
20160527;27/05/2016;5;6;1;0;0;0;ponte;0;1;0
20160528;28/05/2016;5;7;0;1;0;0;normal;0;0;0
20160529;29/05/2016;5;1;0;0;1;0;normal;0;0;0
20160530;30/05/2016;5;2;1;0;0;0;normal;0;0;0
20160531;31/05/2016;5;3;1;0;0;0;normal;0;0;0
20160601;01/06/2016;6;4;1;0;0;0;normal;0;0;0
20160602;02/06/2016;6;5;1;0;0;0;normal;0;0;0
20160603;03/06/2016;6;6;1;0;0;0;normal;0;0;0
20160604;04/06/2016;6;7;0;1;0;0;normal;0;0;0
20160605;05/06/2016;6;1;0;0;1;0;normal;0;0;0
20160606;06/06/2016;6;2;1;0;0;0;normal;0;0;0
20160607;07/06/2016;6;3;1;0;0;0;normal;0;0;0
20160608;08/06/2016;6;4;1;0;0;0;normal;0;0;0
20160609;09/06/2016;6;5;1;0;0;0;normal;0;0;0
20160610;10/06/2016;6;6;1;0;0;0;normal;0;0;0
20160611;11/06/2016;6;7;0;1;0;0;normal;0;0;0
20160612;12/06/2016;6;1;0;0;1;0;normal;0;0;0
20160613;13/06/2016;6;2;1;0;0;0;normal;0;0;0
20160614;14/06/2016;6;3;1;0;0;0;normal;0;0;0
20160615;15/06/2016;6;4;1;0;0;0;normal;0;0;0
20160616;16/06/2016;6;5;1;0;0;0;normal;0;0;0
20160617;17/06/2016;6;6;1;0;0;0;normal;0;0;0
20160618;18/06/2016;6;7;0;1;0;0;normal;0;0;0
20160619;19/06/2016;6;1;0;0;1;0;normal;0;0;0
20160620;20/06/2016;6;2;1;0;0;0;normal;0;0;0
20160621;21/06/2016;6;3;1;0;0;0;normal;0;0;0
20160622;22/06/2016;6;4;1;0;0;0;normal;0;0;0
20160623;23/06/2016;6;5;1;0;0;0;normal;0;0;0
20160624;24/06/2016;6;6;1;0;0;0;normal;0;0;0
20160625;25/06/2016;6;7;0;1;0;0;normal;0;0;0
20160626;26/06/2016;6;1;0;0;1;0;normal;0;0;0
20160627;27/06/2016;6;2;1;0;0;0;normal;0;0;0
20160628;28/06/2016;6;3;1;0;0;0;normal;0;0;0
20160629;29/06/2016;6;4;1;0;0;0;normal;0;0;0
20160630;30/06/2016;6;5;1;0;0;0;normal;0;0;0
20160701;01/07/2016;7;6;1;0;0;1;normal;0;0;0
20160702;02/07/2016;7;7;0;1;0;1;normal;0;0;0
20160703;03/07/2016;7;1;0;0;1;1;normal;0;0;0
20160704;04/07/2016;7;2;1;0;0;1;normal;0;0;0
20160705;05/07/2016;7;3;1;0;0;1;normal;0;0;0
20160706;06/07/2016;7;4;1;0;0;1;normal;0;0;0
20160707;07/07/2016;7;5;1;0;0;1;normal;0;0;0
20160708;08/07/2016;7;6;1;0;0;1;normal;0;0;0
20160709;09/07/2016;7;7;0;1;0;1;feriado;1;0;0
20160710;10/07/2016;7;1;0;0;1;1;normal;0;0;0
20160711;11/07/2016;7;2;1;0;0;1;normal;0;0;0
20160712;12/07/2016;7;3;1;0;0;1;normal;0;0;0
20160713;13/07/2016;7;4;1;0;0;1;normal;0;0;0
20160714;14/07/2016;7;5;1;0;0;1;normal;0;0;0
20160715;15/07/2016;7;6;1;0;0;1;normal;0;0;0
20160716;16/07/2016;7;7;0;1;0;1;normal;0;0;0
20160717;17/07/2016;7;1;0;0;1;1;normal;0;0;0
20160718;18/07/2016;7;2;1;0;0;1;normal;0;0;0
20160719;19/07/2016;7;3;1;0;0;1;normal;0;0;0
20160720;20/07/2016;7;4;1;0;0;1;normal;0;0;0
20160721;21/07/2016;7;5;1;0;0;1;normal;0;0;0
20160722;22/07/2016;7;6;1;0;0;1;normal;0;0;0
20160723;23/07/2016;7;7;0;1;0;1;normal;0;0;0
20160724;24/07/2016;7;1;0;0;1;1;normal;0;0;0
20160725;25/07/2016;7;2;1;0;0;1;normal;0;0;0
20160726;26/07/2016;7;3;1;0;0;1;normal;0;0;0
20160727;27/07/2016;7;4;1;0;0;1;normal;0;0;0
20160728;28/07/2016;7;5;1;0;0;1;normal;0;0;0
20160729;29/07/2016;7;6;1;0;0;1;normal;0;0;0
20160730;30/07/2016;7;7;0;1;0;1;normal;0;0;0
20160731;31/07/2016;7;1;0;0;1;1;normal;0;0;0
20160801;01/08/2016;8;2;1;0;0;0;normal;0;0;0
20160802;02/08/2016;8;3;1;0;0;0;normal;0;0;0
20160803;03/08/2016;8;4;1;0;0;0;normal;0;0;0
20160804;04/08/2016;8;5;1;0;0;0;normal;0;0;0
20160805;05/08/2016;8;6;1;0;0;0;normal;0;0;0
20160806;06/08/2016;8;7;0;1;0;0;normal;0;0;0
20160807;07/08/2016;8;1;0;0;1;0;normal;0;0;0
20160808;08/08/2016;8;2;1;0;0;0;normal;0;0;0
20160809;09/08/2016;8;3;1;0;0;0;normal;0;0;0
20160810;10/08/2016;8;4;1;0;0;0;normal;0;0;0
20160811;11/08/2016;8;5;1;0;0;0;normal;0;0;0
20160812;12/08/2016;8;6;1;0;0;0;normal;0;0;0
20160813;13/08/2016;8;7;0;1;0;0;normal;0;0;0
20160814;14/08/2016;8;1;0;0;1;0;normal;0;0;0
20160815;15/08/2016;8;2;1;0;0;0;normal;0;0;0
20160816;16/08/2016;8;3;1;0;0;0;normal;0;0;0
20160817;17/08/2016;8;4;1;0;0;0;normal;0;0;0
20160818;18/08/2016;8;5;1;0;0;0;normal;0;0;0
20160819;19/08/2016;8;6;1;0;0;0;normal;0;0;0
20160820;20/08/2016;8;7;0;1;0;0;normal;0;0;0
20160821;21/08/2016;8;1;0;0;1;0;normal;0;0;0
20160822;22/08/2016;8;2;1;0;0;0;normal;0;0;0
20160823;23/08/2016;8;3;1;0;0;0;normal;0;0;0
20160824;24/08/2016;8;4;1;0;0;0;normal;0;0;0
20160825;25/08/2016;8;5;1;0;0;0;normal;0;0;0
20160826;26/08/2016;8;6;1;0;0;0;normal;0;0;0
20160827;27/08/2016;8;7;0;1;0;0;normal;0;0;0
20160828;28/08/2016;8;1;0;0;1;0;normal;0;0;0
20160829;29/08/2016;8;2;1;0;0;0;normal;0;0;0
20160830;30/08/2016;8;3;1;0;0;0;normal;0;0;0
20160831;31/08/2016;8;4;1;0;0;0;normal;0;0;0
20160901;01/09/2016;9;5;1;0;0;0;normal;0;0;0
20160902;02/09/2016;9;6;1;0;0;0;normal;0;0;0
20160903;03/09/2016;9;7;0;1;0;0;normal;0;0;0
20160904;04/09/2016;9;1;0;0;1;0;normal;0;0;0
20160905;05/09/2016;9;2;1;0;0;0;normal;0;0;0
20160906;06/09/2016;9;3;1;0;0;0;normal;0;0;0
20160907;07/09/2016;9;4;1;0;0;0;feriado;1;0;0
20160908;08/09/2016;9;5;1;0;0;0;normal;0;0;0
20160909;09/09/2016;9;6;1;0;0;0;normal;0;0;0
20160910;10/09/2016;9;7;0;1;0;0;normal;0;0;0
20160911;11/09/2016;9;1;0;0;1;0;normal;0;0;0
20160912;12/09/2016;9;2;1;0;0;0;normal;0;0;0
20160913;13/09/2016;9;3;1;0;0;0;normal;0;0;0
20160914;14/09/2016;9;4;1;0;0;0;normal;0;0;0
20160915;15/09/2016;9;5;1;0;0;0;normal;0;0;0
20160916;16/09/2016;9;6;1;0;0;0;normal;0;0;0
20160917;17/09/2016;9;7;0;1;0;0;normal;0;0;0
20160918;18/09/2016;9;1;0;0;1;0;normal;0;0;0
20160919;19/09/2016;9;2;1;0;0;0;normal;0;0;0
20160920;20/09/2016;9;3;1;0;0;0;normal;0;0;0
20160921;21/09/2016;9;4;1;0;0;0;normal;0;0;0
20160922;22/09/2016;9;5;1;0;0;0;normal;0;0;0
20160923;23/09/2016;9;6;1;0;0;0;normal;0;0;0
20160924;24/09/2016;9;7;0;1;0;0;normal;0;0;0
20160925;25/09/2016;9;1;0;0;1;0;normal;0;0;0
20160926;26/09/2016;9;2;1;0;0;0;normal;0;0;0
20160927;27/09/2016;9;3;1;0;0;0;normal;0;0;0
20160928;28/09/2016;9;4;1;0;0;0;normal;0;0;0
20160929;29/09/2016;9;5;1;0;0;0;normal;0;0;0
20160930;30/09/2016;9;6;1;0;0;0;normal;0;0;0
20161001;01/10/2016;10;7;0;1;0;0;normal;0;0;0
20161002;02/10/2016;10;1;0;0;1;0;evento;0;0;1
20161003;03/10/2016;10;2;1;0;0;0;normal;0;0;0
20161004;04/10/2016;10;3;1;0;0;0;normal;0;0;0
20161005;05/10/2016;10;4;1;0;0;0;normal;0;0;0
20161006;06/10/2016;10;5;1;0;0;0;normal;0;0;0
20161007;07/10/2016;10;6;1;0;0;0;normal;0;0;0
20161008;08/10/2016;10;7;0;1;0;0;normal;0;0;0
20161009;09/10/2016;10;1;0;0;1;0;normal;0;0;0
20161010;10/10/2016;10;2;1;0;0;0;normal;0;0;0
20161011;11/10/2016;10;3;1;0;0;0;normal;0;0;0
20161012;12/10/2016;10;4;1;0;0;0;feriado;1;0;0
20161013;13/10/2016;10;5;1;0;0;0;normal;0;0;0
20161014;14/10/2016;10;6;1;0;0;0;normal;0;0;0
20161015;15/10/2016;10;7;0;1;0;0;normal;0;0;0
20161016;16/10/2016;10;1;0;0;1;0;normal;0;0;0
20161017;17/10/2016;10;2;1;0;0;0;normal;0;0;0
20161018;18/10/2016;10;3;1;0;0;0;normal;0;0;0
20161019;19/10/2016;10;4;1;0;0;0;normal;0;0;0
20161020;20/10/2016;10;5;1;0;0;0;normal;0;0;0
20161021;21/10/2016;10;6;1;0;0;0;normal;0;0;0
20161022;22/10/2016;10;7;0;1;0;0;normal;0;0;0
20161023;23/10/2016;10;1;0;0;1;0;normal;0;0;0
20161024;24/10/2016;10;2;1;0;0;0;normal;0;0;0
20161025;25/10/2016;10;3;1;0;0;0;normal;0;0;0
20161026;26/10/2016;10;4;1;0;0;0;normal;0;0;0
20161027;27/10/2016;10;5;1;0;0;0;normal;0;0;0
20161028;28/10/2016;10;6;1;0;0;0;normal;0;0;0
20161029;29/10/2016;10;7;0;1;0;0;normal;0;0;0
20161030;30/10/2016;10;1;0;0;1;0;normal;0;0;0
20161031;31/10/2016;10;2;1;0;0;0;normal;0;0;0
20161101;01/11/2016;11;3;1;0;0;0;normal;0;0;0
20161102;02/11/2016;11;4;1;0;0;0;feriado;1;0;0
20161103;03/11/2016;11;5;1;0;0;0;normal;0;0;0
20161104;04/11/2016;11;6;1;0;0;0;normal;0;0;0
20161105;05/11/2016;11;7;0;1;0;0;normal;0;0;0
20161106;06/11/2016;11;1;0;0;1;0;evento;0;0;1
20161107;07/11/2016;11;2;1;0;0;0;normal;0;0;0
20161108;08/11/2016;11;3;1;0;0;0;normal;0;0;0
20161109;09/11/2016;11;4;1;0;0;0;normal;0;0;0
20161110;10/11/2016;11;5;1;0;0;0;normal;0;0;0
20161111;11/11/2016;11;6;1;0;0;0;normal;0;0;0
20161112;12/11/2016;11;7;0;1;0;0;normal;0;0;0
20161113;13/11/2016;11;1;0;0;1;0;normal;0;0;0
20161114;14/11/2016;11;2;1;0;0;0;ponte;0;1;0
20161115;15/11/2016;11;3;1;0;0;0;feriado;1;0;0
20161116;16/11/2016;11;4;1;0;0;0;normal;0;0;0
20161117;17/11/2016;11;5;1;0;0;0;normal;0;0;0
20161118;18/11/2016;11;6;1;0;0;0;normal;0;0;0
20161119;19/11/2016;11;7;0;1;0;0;normal;0;0;0
20161120;20/11/2016;11;1;0;0;1;0;feriado;1;0;0
20161121;21/11/2016;11;2;1;0;0;0;normal;0;0;0
20161122;22/11/2016;11;3;1;0;0;0;normal;0;0;0
20161123;23/11/2016;11;4;1;0;0;0;normal;0;0;0
20161124;24/11/2016;11;5;1;0;0;0;normal;0;0;0
20161125;25/11/2016;11;6;1;0;0;0;normal;0;0;0
20161126;26/11/2016;11;7;0;1;0;0;normal;0;0;0
20161127;27/11/2016;11;1;0;0;1;0;normal;0;0;0
20161128;28/11/2016;11;2;1;0;0;0;normal;0;0;0
20161129;29/11/2016;11;3;1;0;0;0;normal;0;0;0
20161130;30/11/2016;11;4;1;0;0;0;normal;0;0;0
20161201;01/12/2016;12;5;1;0;0;1;normal;0;0;0
20161202;02/12/2016;12;6;1;0;0;1;normal;0;0;0
20161203;03/12/2016;12;7;0;1;0;1;normal;0;0;0
20161204;04/12/2016;12;1;0;0;1;1;normal;0;0;0
20161205;05/12/2016;12;2;1;0;0;1;normal;0;0;0
20161206;06/12/2016;12;3;1;0;0;1;normal;0;0;0
20161207;07/12/2016;12;4;1;0;0;1;normal;0;0;0
20161208;08/12/2016;12;5;1;0;0;1;normal;0;0;0
20161209;09/12/2016;12;6;1;0;0;1;normal;0;0;0
20161210;10/12/2016;12;7;0;1;0;1;normal;0;0;0
20161211;11/12/2016;12;1;0;0;1;1;normal;0;0;0
20161212;12/12/2016;12;2;1;0;0;1;normal;0;0;0
20161213;13/12/2016;12;3;1;0;0;1;normal;0;0;0
20161214;14/12/2016;12;4;1;0;0;1;normal;0;0;0
20161215;15/12/2016;12;5;1;0;0;1;normal;0;0;0
20161216;16/12/2016;12;6;1;0;0;1;normal;0;0;0
20161217;17/12/2016;12;7;0;1;0;1;normal;0;0;0
20161218;18/12/2016;12;1;0;0;1;1;normal;0;0;0
20161219;19/12/2016;12;2;1;0;0;1;normal;0;0;0
20161220;20/12/2016;12;3;1;0;0;1;normal;0;0;0
20161221;21/12/2016;12;4;1;0;0;1;normal;0;0;0
20161222;22/12/2016;12;5;1;0;0;1;normal;0;0;0
20161223;23/12/2016;12;6;1;0;0;1;normal;0;0;0
20161224;24/12/2016;12;7;0;1;0;1;normal;0;0;0
20161225;25/12/2016;12;1;0;0;1;1;feriado;1;0;0
20161226;26/12/2016;12;2;1;0;0;1;normal;0;0;0
20161227;27/12/2016;12;3;1;0;0;1;normal;0;0;0
20161228;28/12/2016;12;4;1;0;0;1;normal;0;0;0
20161229;29/12/2016;12;5;1;0;0;1;normal;0;0;0
20161230;30/12/2016;12;6;1;0;0;1;normal;0;0;0
20161231;31/12/2016;12;7;0;1;0;1;evento;0;0;1
20170101;01/01/2017;1;1;0;0;1;1;feriado;1;0;0
20170102;02/01/2017;1;2;1;0;0;1;normal;0;0;0
20170103;03/01/2017;1;3;1;0;0;1;normal;0;0;0
20170104;04/01/2017;1;4;1;0;0;1;normal;0;0;0
20170105;05/01/2017;1;5;1;0;0;1;normal;0;0;0
20170106;06/01/2017;1;6;1;0;0;1;normal;0;0;0
20170107;07/01/2017;1;7;0;1;0;1;normal;0;0;0
20170108;08/01/2017;1;1;0;0;1;1;normal;0;0;0
20170109;09/01/2017;1;2;1;0;0;1;normal;0;0;0
20170110;10/01/2017;1;3;1;0;0;1;normal;0;0;0
20170111;11/01/2017;1;4;1;0;0;1;normal;0;0;0
20170112;12/01/2017;1;5;1;0;0;1;normal;0;0;0
20170113;13/01/2017;1;6;1;0;0;1;normal;0;0;0
20170114;14/01/2017;1;7;0;1;0;1;normal;0;0;0
20170115;15/01/2017;1;1;0;0;1;1;normal;0;0;0
20170116;16/01/2017;1;2;1;0;0;1;normal;0;0;0
20170117;17/01/2017;1;3;1;0;0;1;normal;0;0;0
20170118;18/01/2017;1;4;1;0;0;1;normal;0;0;0
20170119;19/01/2017;1;5;1;0;0;1;normal;0;0;0
20170120;20/01/2017;1;6;1;0;0;1;normal;0;0;0
20170121;21/01/2017;1;7;0;1;0;1;normal;0;0;0
20170122;22/01/2017;1;1;0;0;1;1;normal;0;0;0
20170123;23/01/2017;1;2;1;0;0;1;normal;0;0;0
20170124;24/01/2017;1;3;1;0;0;1;normal;0;0;0
20170125;25/01/2017;1;4;1;0;0;1;feriado;1;0;0
20170126;26/01/2017;1;5;1;0;0;1;normal;0;0;0
20170127;27/01/2017;1;6;1;0;0;1;normal;0;0;0
20170128;28/01/2017;1;7;0;1;0;1;normal;0;0;0
20170129;29/01/2017;1;1;0;0;1;1;normal;0;0;0
20170130;30/01/2017;1;2;1;0;0;1;normal;0;0;0
20170131;31/01/2017;1;3;1;0;0;1;normal;0;0;0
20170201;01/02/2017;2;4;1;0;0;1;normal;0;0;0
20170202;02/02/2017;2;5;1;0;0;1;normal;0;0;0
20170203;03/02/2017;2;6;1;0;0;1;normal;0;0;0
20170204;04/02/2017;2;7;0;1;0;1;normal;0;0;0
20170205;05/02/2017;2;1;0;0;1;1;normal;0;0;0
20170206;06/02/2017;2;2;1;0;0;1;normal;0;0;0
20170207;07/02/2017;2;3;1;0;0;1;normal;0;0;0
20170208;08/02/2017;2;4;1;0;0;1;normal;0;0;0
20170209;09/02/2017;2;5;1;0;0;1;normal;0;0;0
20170210;10/02/2017;2;6;1;0;0;1;normal;0;0;0
20170211;11/02/2017;2;7;0;1;0;1;normal;0;0;0
20170212;12/02/2017;2;1;0;0;1;1;normal;0;0;0
20170213;13/02/2017;2;2;1;0;0;1;normal;0;0;0
20170214;14/02/2017;2;3;1;0;0;1;normal;0;0;0
20170215;15/02/2017;2;4;1;0;0;1;normal;0;0;0
20170216;16/02/2017;2;5;1;0;0;1;normal;0;0;0
20170217;17/02/2017;2;6;1;0;0;1;normal;0;0;0
20170218;18/02/2017;2;7;0;1;0;1;normal;0;0;0
20170219;19/02/2017;2;1;0;0;1;1;normal;0;0;0
20170220;20/02/2017;2;2;1;0;0;1;normal;0;0;0
20170221;21/02/2017;2;3;1;0;0;1;normal;0;0;0
20170222;22/02/2017;2;4;1;0;0;1;normal;0;0;0
20170223;23/02/2017;2;5;1;0;0;1;normal;0;0;0
20170224;24/02/2017;2;6;1;0;0;1;normal;0;0;0
20170225;25/02/2017;2;7;0;1;0;1;normal;0;0;0
20170226;26/02/2017;2;1;0;0;1;1;normal;0;0;0
20170227;27/02/2017;2;2;1;0;0;1;ponte;0;1;0
20170228;28/02/2017;2;3;1;0;0;1;feriado;1;0;0
20170301;01/03/2017;3;4;1;0;0;0;feriado;1;0;0
20170302;02/03/2017;3;5;1;0;0;0;normal;0;0;0
20170303;03/03/2017;3;6;1;0;0;0;normal;0;0;0
20170304;04/03/2017;3;7;0;1;0;0;normal;0;0;0
20170305;05/03/2017;3;1;0;0;1;0;normal;0;0;0
20170306;06/03/2017;3;2;1;0;0;0;normal;0;0;0
20170307;07/03/2017;3;3;1;0;0;0;normal;0;0;0
20170308;08/03/2017;3;4;1;0;0;0;normal;0;0;0
20170309;09/03/2017;3;5;1;0;0;0;normal;0;0;0
20170310;10/03/2017;3;6;1;0;0;0;normal;0;0;0
20170311;11/03/2017;3;7;0;1;0;0;normal;0;0;0
20170312;12/03/2017;3;1;0;0;1;0;normal;0;0;0
20170313;13/03/2017;3;2;1;0;0;0;normal;0;0;0
20170314;14/03/2017;3;3;1;0;0;0;normal;0;0;0
20170315;15/03/2017;3;4;1;0;0;0;normal;0;0;0
20170316;16/03/2017;3;5;1;0;0;0;normal;0;0;0
20170317;17/03/2017;3;6;1;0;0;0;normal;0;0;0
20170318;18/03/2017;3;7;0;1;0;0;normal;0;0;0
20170319;19/03/2017;3;1;0;0;1;0;normal;0;0;0
20170320;20/03/2017;3;2;1;0;0;0;normal;0;0;0
20170321;21/03/2017;3;3;1;0;0;0;normal;0;0;0
20170322;22/03/2017;3;4;1;0;0;0;normal;0;0;0
20170323;23/03/2017;3;5;1;0;0;0;normal;0;0;0
20170324;24/03/2017;3;6;1;0;0;0;normal;0;0;0
20170325;25/03/2017;3;7;0;1;0;0;normal;0;0;0
20170326;26/03/2017;3;1;0;0;1;0;normal;0;0;0
20170327;27/03/2017;3;2;1;0;0;0;normal;0;0;0
20170328;28/03/2017;3;3;1;0;0;0;normal;0;0;0
20170329;29/03/2017;3;4;1;0;0;0;normal;0;0;0
20170330;30/03/2017;3;5;1;0;0;0;normal;0;0;0
20170331;31/03/2017;3;6;1;0;0;0;normal;0;0;0
20170401;01/04/2017;4;7;0;1;0;0;normal;0;0;0
20170402;02/04/2017;4;1;0;0;1;0;normal;0;0;0
20170403;03/04/2017;4;2;1;0;0;0;normal;0;0;0
20170404;04/04/2017;4;3;1;0;0;0;normal;0;0;0
20170405;05/04/2017;4;4;1;0;0;0;normal;0;0;0
20170406;06/04/2017;4;5;1;0;0;0;normal;0;0;0
20170407;07/04/2017;4;6;1;0;0;0;normal;0;0;0
20170408;08/04/2017;4;7;0;1;0;0;normal;0;0;0
20170409;09/04/2017;4;1;0;0;1;0;normal;0;0;0
20170410;10/04/2017;4;2;1;0;0;0;normal;0;0;0
20170411;11/04/2017;4;3;1;0;0;0;normal;0;0;0
20170412;12/04/2017;4;4;1;0;0;0;normal;0;0;0
20170413;13/04/2017;4;5;1;0;0;0;normal;0;0;0
20170414;14/04/2017;4;6;1;0;0;0;feriado;1;0;0
20170415;15/04/2017;4;7;0;1;0;0;normal;0;0;0
20170416;16/04/2017;4;1;0;0;1;0;normal;0;0;0
20170417;17/04/2017;4;2;1;0;0;0;normal;0;0;0
20170418;18/04/2017;4;3;1;0;0;0;normal;0;0;0
20170419;19/04/2017;4;4;1;0;0;0;normal;0;0;0
20170420;20/04/2017;4;5;1;0;0;0;normal;0;0;0
20170421;21/04/2017;4;6;1;0;0;0;feriado;1;0;0
20170422;22/04/2017;4;7;0;1;0;0;normal;0;0;0
20170423;23/04/2017;4;1;0;0;1;0;normal;0;0;0
20170424;24/04/2017;4;2;1;0;0;0;normal;0;0;0
20170425;25/04/2017;4;3;1;0;0;0;normal;0;0;0
20170426;26/04/2017;4;4;1;0;0;0;normal;0;0;0
20170427;27/04/2017;4;5;1;0;0;0;normal;0;0;0
20170428;28/04/2017;4;6;1;0;0;0;normal;0;0;0
20170429;29/04/2017;4;7;0;1;0;0;ponte;0;1;0
20170430;30/04/2017;4;1;0;0;1;0;normal;0;0;0
20170501;01/05/2017;5;2;1;0;0;0;feriado;1;0;0
20170502;02/05/2017;5;3;1;0;0;0;normal;0;0;0
20170503;03/05/2017;5;4;1;0;0;0;normal;0;0;0
20170504;04/05/2017;5;5;1;0;0;0;normal;0;0;0
20170505;05/05/2017;5;6;1;0;0;0;normal;0;0;0
20170506;06/05/2017;5;7;0;1;0;0;normal;0;0;0
20170507;07/05/2017;5;1;0;0;1;0;normal;0;0;0
20170508;08/05/2017;5;2;1;0;0;0;normal;0;0;0
20170509;09/05/2017;5;3;1;0;0;0;normal;0;0;0
20170510;10/05/2017;5;4;1;0;0;0;normal;0;0;0
20170511;11/05/2017;5;5;1;0;0;0;normal;0;0;0
20170512;12/05/2017;5;6;1;0;0;0;normal;0;0;0
20170513;13/05/2017;5;7;0;1;0;0;normal;0;0;0
20170514;14/05/2017;5;1;0;0;1;0;normal;0;0;0
20170515;15/05/2017;5;2;1;0;0;0;normal;0;0;0
20170516;16/05/2017;5;3;1;0;0;0;normal;0;0;0
20170517;17/05/2017;5;4;1;0;0;0;normal;0;0;0
20170518;18/05/2017;5;5;1;0;0;0;normal;0;0;0
20170519;19/05/2017;5;6;1;0;0;0;normal;0;0;0
20170520;20/05/2017;5;7;0;1;0;0;normal;0;0;0
20170521;21/05/2017;5;1;0;0;1;0;normal;0;0;0
20170522;22/05/2017;5;2;1;0;0;0;normal;0;0;0
20170523;23/05/2017;5;3;1;0;0;0;normal;0;0;0
20170524;24/05/2017;5;4;1;0;0;0;normal;0;0;0
20170525;25/05/2017;5;5;1;0;0;0;normal;0;0;0
20170526;26/05/2017;5;6;1;0;0;0;normal;0;0;0
20170527;27/05/2017;5;7;0;1;0;0;normal;0;0;0
20170528;28/05/2017;5;1;0;0;1;0;normal;0;0;0
20170529;29/05/2017;5;2;1;0;0;0;normal;0;0;0
20170530;30/05/2017;5;3;1;0;0;0;normal;0;0;0
20170531;31/05/2017;5;4;1;0;0;0;normal;0;0;0
20170601;01/06/2017;6;5;1;0;0;0;normal;0;0;0
20170602;02/06/2017;6;6;1;0;0;0;normal;0;0;0
20170603;03/06/2017;6;7;0;1;0;0;normal;0;0;0
20170604;04/06/2017;6;1;0;0;1;0;normal;0;0;0
20170605;05/06/2017;6;2;1;0;0;0;normal;0;0;0
20170606;06/06/2017;6;3;1;0;0;0;normal;0;0;0
20170607;07/06/2017;6;4;1;0;0;0;normal;0;0;0
20170608;08/06/2017;6;5;1;0;0;0;normal;0;0;0
20170609;09/06/2017;6;6;1;0;0;0;normal;0;0;0
20170610;10/06/2017;6;7;0;1;0;0;normal;0;0;0
20170611;11/06/2017;6;1;0;0;1;0;normal;0;0;0
20170612;12/06/2017;6;2;1;0;0;0;normal;0;0;0
20170613;13/06/2017;6;3;1;0;0;0;normal;0;0;0
20170614;14/06/2017;6;4;1;0;0;0;normal;0;0;0
20170615;15/06/2017;6;5;1;0;0;0;feriado;1;0;0
20170616;16/06/2017;6;6;1;0;0;0;ponte;0;1;0
20170617;17/06/2017;6;7;0;1;0;0;normal;0;0;0
20170618;18/06/2017;6;1;0;0;1;0;normal;0;0;0
20170619;19/06/2017;6;2;1;0;0;0;normal;0;0;0
20170620;20/06/2017;6;3;1;0;0;0;normal;0;0;0
20170621;21/06/2017;6;4;1;0;0;0;normal;0;0;0
20170622;22/06/2017;6;5;1;0;0;0;normal;0;0;0
20170623;23/06/2017;6;6;1;0;0;0;normal;0;0;0
20170624;24/06/2017;6;7;0;1;0;0;normal;0;0;0
20170625;25/06/2017;6;1;0;0;1;0;normal;0;0;0
20170626;26/06/2017;6;2;1;0;0;0;normal;0;0;0
20170627;27/06/2017;6;3;1;0;0;0;normal;0;0;0
20170628;28/06/2017;6;4;1;0;0;0;normal;0;0;0
20170629;29/06/2017;6;5;1;0;0;0;normal;0;0;0
20170630;30/06/2017;6;6;1;0;0;0;normal;0;0;0
20170701;01/07/2017;7;7;0;1;0;1;normal;0;0;0
20170702;02/07/2017;7;1;0;0;1;1;normal;0;0;0
20170703;03/07/2017;7;2;1;0;0;1;normal;0;0;0
20170704;04/07/2017;7;3;1;0;0;1;normal;0;0;0
20170705;05/07/2017;7;4;1;0;0;1;normal;0;0;0
20170706;06/07/2017;7;5;1;0;0;1;normal;0;0;0
20170707;07/07/2017;7;6;1;0;0;1;normal;0;0;0
20170708;08/07/2017;7;7;0;1;0;1;normal;0;0;0
20170709;09/07/2017;7;1;0;0;1;1;feriado;1;0;0
20170710;10/07/2017;7;2;1;0;0;1;normal;0;0;0
20170711;11/07/2017;7;3;1;0;0;1;normal;0;0;0
20170712;12/07/2017;7;4;1;0;0;1;normal;0;0;0
20170713;13/07/2017;7;5;1;0;0;1;normal;0;0;0
20170714;14/07/2017;7;6;1;0;0;1;normal;0;0;0
20170715;15/07/2017;7;7;0;1;0;1;normal;0;0;0
20170716;16/07/2017;7;1;0;0;1;1;normal;0;0;0
20170717;17/07/2017;7;2;1;0;0;1;normal;0;0;0
20170718;18/07/2017;7;3;1;0;0;1;normal;0;0;0
20170719;19/07/2017;7;4;1;0;0;1;normal;0;0;0
20170720;20/07/2017;7;5;1;0;0;1;normal;0;0;0
20170721;21/07/2017;7;6;1;0;0;1;normal;0;0;0
20170722;22/07/2017;7;7;0;1;0;1;normal;0;0;0
20170723;23/07/2017;7;1;0;0;1;1;normal;0;0;0
20170724;24/07/2017;7;2;1;0;0;1;normal;0;0;0
20170725;25/07/2017;7;3;1;0;0;1;normal;0;0;0
20170726;26/07/2017;7;4;1;0;0;1;normal;0;0;0
20170727;27/07/2017;7;5;1;0;0;1;normal;0;0;0
20170728;28/07/2017;7;6;1;0;0;1;normal;0;0;0
20170729;29/07/2017;7;7;0;1;0;1;normal;0;0;0
20170730;30/07/2017;7;1;0;0;1;1;normal;0;0;0
20170731;31/07/2017;7;2;1;0;0;1;normal;0;0;0
20170801;01/08/2017;8;3;1;0;0;0;normal;0;0;0
20170802;02/08/2017;8;4;1;0;0;0;normal;0;0;0
20170803;03/08/2017;8;5;1;0;0;0;normal;0;0;0
20170804;04/08/2017;8;6;1;0;0;0;normal;0;0;0
20170805;05/08/2017;8;7;0;1;0;0;normal;0;0;0
20170806;06/08/2017;8;1;0;0;1;0;normal;0;0;0
20170807;07/08/2017;8;2;1;0;0;0;normal;0;0;0
20170808;08/08/2017;8;3;1;0;0;0;normal;0;0;0
20170809;09/08/2017;8;4;1;0;0;0;normal;0;0;0
20170810;10/08/2017;8;5;1;0;0;0;normal;0;0;0
20170811;11/08/2017;8;6;1;0;0;0;normal;0;0;0
20170812;12/08/2017;8;7;0;1;0;0;normal;0;0;0
20170813;13/08/2017;8;1;0;0;1;0;normal;0;0;0
20170814;14/08/2017;8;2;1;0;0;0;normal;0;0;0
20170815;15/08/2017;8;3;1;0;0;0;normal;0;0;0
20170816;16/08/2017;8;4;1;0;0;0;normal;0;0;0
20170817;17/08/2017;8;5;1;0;0;0;normal;0;0;0
20170818;18/08/2017;8;6;1;0;0;0;normal;0;0;0
20170819;19/08/2017;8;7;0;1;0;0;normal;0;0;0
20170820;20/08/2017;8;1;0;0;1;0;normal;0;0;0
20170821;21/08/2017;8;2;1;0;0;0;normal;0;0;0
20170822;22/08/2017;8;3;1;0;0;0;normal;0;0;0
20170823;23/08/2017;8;4;1;0;0;0;normal;0;0;0
20170824;24/08/2017;8;5;1;0;0;0;normal;0;0;0
20170825;25/08/2017;8;6;1;0;0;0;normal;0;0;0
20170826;26/08/2017;8;7;0;1;0;0;normal;0;0;0
20170827;27/08/2017;8;1;0;0;1;0;normal;0;0;0
20170828;28/08/2017;8;2;1;0;0;0;normal;0;0;0
20170829;29/08/2017;8;3;1;0;0;0;normal;0;0;0
20170830;30/08/2017;8;4;1;0;0;0;normal;0;0;0
20170831;31/08/2017;8;5;1;0;0;0;normal;0;0;0
20170901;01/09/2017;9;6;1;0;0;0;normal;0;0;0
20170902;02/09/2017;9;7;0;1;0;0;normal;0;0;0
20170903;03/09/2017;9;1;0;0;1;0;normal;0;0;0
20170904;04/09/2017;9;2;1;0;0;0;normal;0;0;0
20170905;05/09/2017;9;3;1;0;0;0;normal;0;0;0
20170906;06/09/2017;9;4;1;0;0;0;normal;0;0;0
20170907;07/09/2017;9;5;1;0;0;0;feriado;1;0;0
20170908;08/09/2017;9;6;1;0;0;0;ponte;0;1;0
20170909;09/09/2017;9;7;0;1;0;0;normal;0;0;0
20170910;10/09/2017;9;1;0;0;1;0;normal;0;0;0
20170911;11/09/2017;9;2;1;0;0;0;normal;0;0;0
20170912;12/09/2017;9;3;1;0;0;0;normal;0;0;0
20170913;13/09/2017;9;4;1;0;0;0;normal;0;0;0
20170914;14/09/2017;9;5;1;0;0;0;normal;0;0;0
20170915;15/09/2017;9;6;1;0;0;0;normal;0;0;0
20170916;16/09/2017;9;7;0;1;0;0;normal;0;0;0
20170917;17/09/2017;9;1;0;0;1;0;normal;0;0;0
20170918;18/09/2017;9;2;1;0;0;0;normal;0;0;0
20170919;19/09/2017;9;3;1;0;0;0;normal;0;0;0
20170920;20/09/2017;9;4;1;0;0;0;normal;0;0;0
20170921;21/09/2017;9;5;1;0;0;0;normal;0;0;0
20170922;22/09/2017;9;6;1;0;0;0;normal;0;0;0
20170923;23/09/2017;9;7;0;1;0;0;normal;0;0;0
20170924;24/09/2017;9;1;0;0;1;0;normal;0;0;0
20170925;25/09/2017;9;2;1;0;0;0;normal;0;0;0
20170926;26/09/2017;9;3;1;0;0;0;normal;0;0;0
20170927;27/09/2017;9;4;1;0;0;0;normal;0;0;0
20170928;28/09/2017;9;5;1;0;0;0;normal;0;0;0
20170929;29/09/2017;9;6;1;0;0;0;normal;0;0;0
20170930;30/09/2017;9;7;0;1;0;0;normal;0;0;0
20171001;01/10/2017;10;1;0;0;1;0;normal;0;0;0
20171002;02/10/2017;10;2;1;0;0;0;normal;0;0;0
20171003;03/10/2017;10;3;1;0;0;0;normal;0;0;0
20171004;04/10/2017;10;4;1;0;0;0;normal;0;0;0
20171005;05/10/2017;10;5;1;0;0;0;normal;0;0;0
20171006;06/10/2017;10;6;1;0;0;0;normal;0;0;0
20171007;07/10/2017;10;7;0;1;0;0;normal;0;0;0
20171008;08/10/2017;10;1;0;0;1;0;normal;0;0;0
20171009;09/10/2017;10;2;1;0;0;0;normal;0;0;0
20171010;10/10/2017;10;3;1;0;0;0;normal;0;0;0
20171011;11/10/2017;10;4;1;0;0;0;normal;0;0;0
20171012;12/10/2017;10;5;1;0;0;0;feriado;1;0;0
20171013;13/10/2017;10;6;1;0;0;0;ponte;0;1;0
20171014;14/10/2017;10;7;0;1;0;0;normal;0;0;0
20171015;15/10/2017;10;1;0;0;1;0;normal;0;0;0
20171016;16/10/2017;10;2;1;0;0;0;normal;0;0;0
20171017;17/10/2017;10;3;1;0;0;0;normal;0;0;0
20171018;18/10/2017;10;4;1;0;0;0;normal;0;0;0
20171019;19/10/2017;10;5;1;0;0;0;normal;0;0;0
20171020;20/10/2017;10;6;1;0;0;0;normal;0;0;0
20171021;21/10/2017;10;7;0;1;0;0;normal;0;0;0
20171022;22/10/2017;10;1;0;0;1;0;normal;0;0;0
20171023;23/10/2017;10;2;1;0;0;0;normal;0;0;0
20171024;24/10/2017;10;3;1;0;0;0;normal;0;0;0
20171025;25/10/2017;10;4;1;0;0;0;normal;0;0;0
20171026;26/10/2017;10;5;1;0;0;0;normal;0;0;0
20171027;27/10/2017;10;6;1;0;0;0;normal;0;0;0
20171028;28/10/2017;10;7;0;1;0;0;normal;0;0;0
20171029;29/10/2017;10;1;0;0;1;0;normal;0;0;0
20171030;30/10/2017;10;2;1;0;0;0;normal;0;0;0
20171031;31/10/2017;10;3;1;0;0;0;normal;0;0;0
20171101;01/11/2017;11;4;1;0;0;0;normal;0;0;0
20171102;02/11/2017;11;5;1;0;0;0;feriado;1;0;0
20171103;03/11/2017;11;6;1;0;0;0;ponte;0;1;0
20171104;04/11/2017;11;7;0;1;0;0;normal;0;0;0
20171105;05/11/2017;11;1;0;0;1;0;evento;0;0;1
20171106;06/11/2017;11;2;1;0;0;0;normal;0;0;0
20171107;07/11/2017;11;3;1;0;0;0;normal;0;0;0
20171108;08/11/2017;11;4;1;0;0;0;normal;0;0;0
20171109;09/11/2017;11;5;1;0;0;0;normal;0;0;0
20171110;10/11/2017;11;6;1;0;0;0;normal;0;0;0
20171111;11/11/2017;11;7;0;1;0;0;normal;0;0;0
20171112;12/11/2017;11;1;0;0;1;0;evento;0;0;1
20171113;13/11/2017;11;2;1;0;0;0;normal;0;0;0
20171114;14/11/2017;11;3;1;0;0;0;normal;0;0;0
20171115;15/11/2017;11;4;1;0;0;0;feriado;1;0;0
20171116;16/11/2017;11;5;1;0;0;0;normal;0;0;0
20171117;17/11/2017;11;6;1;0;0;0;normal;0;0;0
20171118;18/11/2017;11;7;0;1;0;0;normal;0;0;0
20171119;19/11/2017;11;1;0;0;1;0;normal;0;0;0
20171120;20/11/2017;11;2;1;0;0;0;feriado;1;0;0
20171121;21/11/2017;11;3;1;0;0;0;normal;0;0;0
20171122;22/11/2017;11;4;1;0;0;0;normal;0;0;0
20171123;23/11/2017;11;5;1;0;0;0;normal;0;0;0
20171124;24/11/2017;11;6;1;0;0;0;normal;0;0;0
20171125;25/11/2017;11;7;0;1;0;0;normal;0;0;0
20171126;26/11/2017;11;1;0;0;1;0;normal;0;0;0
20171127;27/11/2017;11;2;1;0;0;0;normal;0;0;0
20171128;28/11/2017;11;3;1;0;0;0;normal;0;0;0
20171129;29/11/2017;11;4;1;0;0;0;normal;0;0;0
20171130;30/11/2017;11;5;1;0;0;0;normal;0;0;0
20171201;01/12/2017;12;6;1;0;0;1;normal;0;0;0
20171202;02/12/2017;12;7;0;1;0;1;normal;0;0;0
20171203;03/12/2017;12;1;0;0;1;1;normal;0;0;0
20171204;04/12/2017;12;2;1;0;0;1;normal;0;0;0
20171205;05/12/2017;12;3;1;0;0;1;normal;0;0;0
20171206;06/12/2017;12;4;1;0;0;1;normal;0;0;0
20171207;07/12/2017;12;5;1;0;0;1;normal;0;0;0
20171208;08/12/2017;12;6;1;0;0;1;normal;0;0;0
20171209;09/12/2017;12;7;0;1;0;1;normal;0;0;0
20171210;10/12/2017;12;1;0;0;1;1;normal;0;0;0
20171211;11/12/2017;12;2;1;0;0;1;normal;0;0;0
20171212;12/12/2017;12;3;1;0;0;1;normal;0;0;0
20171213;13/12/2017;12;4;1;0;0;1;normal;0;0;0
20171214;14/12/2017;12;5;1;0;0;1;normal;0;0;0
20171215;15/12/2017;12;6;1;0;0;1;normal;0;0;0
20171216;16/12/2017;12;7;0;1;0;1;normal;0;0;0
20171217;17/12/2017;12;1;0;0;1;1;normal;0;0;0
20171218;18/12/2017;12;2;1;0;0;1;normal;0;0;0
20171219;19/12/2017;12;3;1;0;0;1;normal;0;0;0
20171220;20/12/2017;12;4;1;0;0;1;normal;0;0;0
20171221;21/12/2017;12;5;1;0;0;1;normal;0;0;0
20171222;22/12/2017;12;6;1;0;0;1;normal;0;0;0
20171223;23/12/2017;12;7;0;1;0;1;normal;0;0;0
20171224;24/12/2017;12;1;0;0;1;1;normal;0;0;0
20171225;25/12/2017;12;2;1;0;0;1;feriado;1;0;0
20171226;26/12/2017;12;3;1;0;0;1;normal;0;0;0
20171227;27/12/2017;12;4;1;0;0;1;normal;0;0;0
20171228;28/12/2017;12;5;1;0;0;1;normal;0;0;0
20171229;29/12/2017;12;6;1;0;0;1;normal;0;0;0
20171230;30/12/2017;12;7;0;1;0;1;evento;0;0;1
20171231;31/12/2017;12;1;0;0;1;1;evento;0;0;1
20180101;01/01/2018;1;2;1;0;0;1;feriado;1;0;0
20180102;02/01/2018;1;3;1;0;0;1;normal;0;0;0
20180103;03/01/2018;1;4;1;0;0;1;normal;0;0;0
20180104;04/01/2018;1;5;1;0;0;1;normal;0;0;0
20180105;05/01/2018;1;6;1;0;0;1;normal;0;0;0
20180106;06/01/2018;1;7;0;1;0;1;normal;0;0;0
20180107;07/01/2018;1;1;0;0;1;1;normal;0;0;0
20180108;08/01/2018;1;2;1;0;0;1;normal;0;0;0
20180109;09/01/2018;1;3;1;0;0;1;normal;0;0;0
20180110;10/01/2018;1;4;1;0;0;1;normal;0;0;0
20180111;11/01/2018;1;5;1;0;0;1;normal;0;0;0
20180112;12/01/2018;1;6;1;0;0;1;normal;0;0;0
20180113;13/01/2018;1;7;0;1;0;1;normal;0;0;0
20180114;14/01/2018;1;1;0;0;1;1;normal;0;0;0
20180115;15/01/2018;1;2;1;0;0;1;normal;0;0;0
20180116;16/01/2018;1;3;1;0;0;1;normal;0;0;0
20180117;17/01/2018;1;4;1;0;0;1;normal;0;0;0
20180118;18/01/2018;1;5;1;0;0;1;normal;0;0;0
20180119;19/01/2018;1;6;1;0;0;1;normal;0;0;0
20180120;20/01/2018;1;7;0;1;0;1;normal;0;0;0
20180121;21/01/2018;1;1;0;0;1;1;normal;0;0;0
20180122;22/01/2018;1;2;1;0;0;1;normal;0;0;0
20180123;23/01/2018;1;3;1;0;0;1;normal;0;0;0
20180124;24/01/2018;1;4;1;0;0;1;normal;0;0;0
20180125;25/01/2018;1;5;1;0;0;1;feriado;1;0;0
20180126;26/01/2018;1;6;1;0;0;1;ponte;0;1;0
20180127;27/01/2018;1;7;0;1;0;1;normal;0;0;0
20180128;28/01/2018;1;1;0;0;1;1;normal;0;0;0
20180129;29/01/2018;1;2;1;0;0;1;normal;0;0;0
20180130;30/01/2018;1;3;1;0;0;1;normal;0;0;0
20180131;31/01/2018;1;4;1;0;0;1;normal;0;0;0
20180201;01/02/2018;2;5;1;0;0;1;normal;0;0;0
20180202;02/02/2018;2;6;1;0;0;1;normal;0;0;0
20180203;03/02/2018;2;7;0;1;0;1;normal;0;0;0
20180204;04/02/2018;2;1;0;0;1;1;normal;0;0;0
20180205;05/02/2018;2;2;1;0;0;1;normal;0;0;0
20180206;06/02/2018;2;3;1;0;0;1;normal;0;0;0
20180207;07/02/2018;2;4;1;0;0;1;normal;0;0;0
20180208;08/02/2018;2;5;1;0;0;1;normal;0;0;0
20180209;09/02/2018;2;6;1;0;0;1;normal;0;0;0
20180210;10/02/2018;2;7;0;1;0;1;normal;0;0;0
20180211;11/02/2018;2;1;0;0;1;1;normal;0;0;0
20180212;12/02/2018;2;2;1;0;0;1;ponte;0;1;0
20180213;13/02/2018;2;3;1;0;0;1;feriado;1;0;0
20180214;14/02/2018;2;4;1;0;0;1;feriado;1;0;0
20180215;15/02/2018;2;5;1;0;0;1;normal;0;0;0
20180216;16/02/2018;2;6;1;0;0;1;normal;0;0;0
20180217;17/02/2018;2;7;0;1;0;1;normal;0;0;0
20180218;18/02/2018;2;1;0;0;1;1;normal;0;0;0
20180219;19/02/2018;2;2;1;0;0;1;normal;0;0;0
20180220;20/02/2018;2;3;1;0;0;1;normal;0;0;0
20180221;21/02/2018;2;4;1;0;0;1;normal;0;0;0
20180222;22/02/2018;2;5;1;0;0;1;normal;0;0;0
20180223;23/02/2018;2;6;1;0;0;1;normal;0;0;0
20180224;24/02/2018;2;7;0;1;0;1;normal;0;0;0
20180225;25/02/2018;2;1;0;0;1;1;normal;0;0;0
20180226;26/02/2018;2;2;1;0;0;1;normal;0;0;0
20180227;27/02/2018;2;3;1;0;0;1;normal;0;0;0
20180228;28/02/2018;2;4;1;0;0;1;normal;0;0;0
20180301;01/03/2018;3;5;1;0;0;0;normal;0;0;0
20180302;02/03/2018;3;6;1;0;0;0;normal;0;0;0
20180303;03/03/2018;3;7;0;1;0;0;normal;0;0;0
20180304;04/03/2018;3;1;0;0;1;0;normal;0;0;0
20180305;05/03/2018;3;2;1;0;0;0;normal;0;0;0
20180306;06/03/2018;3;3;1;0;0;0;normal;0;0;0
20180307;07/03/2018;3;4;1;0;0;0;normal;0;0;0
20180308;08/03/2018;3;5;1;0;0;0;normal;0;0;0
20180309;09/03/2018;3;6;1;0;0;0;normal;0;0;0
20180310;10/03/2018;3;7;0;1;0;0;normal;0;0;0
20180311;11/03/2018;3;1;0;0;1;0;normal;0;0;0
20180312;12/03/2018;3;2;1;0;0;0;normal;0;0;0
20180313;13/03/2018;3;3;1;0;0;0;normal;0;0;0
20180314;14/03/2018;3;4;1;0;0;0;normal;0;0;0
20180315;15/03/2018;3;5;1;0;0;0;normal;0;0;0
20180316;16/03/2018;3;6;1;0;0;0;normal;0;0;0
20180317;17/03/2018;3;7;0;1;0;0;normal;0;0;0
20180318;18/03/2018;3;1;0;0;1;0;normal;0;0;0
20180319;19/03/2018;3;2;1;0;0;0;normal;0;0;0
20180320;20/03/2018;3;3;1;0;0;0;normal;0;0;0
20180321;21/03/2018;3;4;1;0;0;0;normal;0;0;0
20180322;22/03/2018;3;5;1;0;0;0;normal;0;0;0
20180323;23/03/2018;3;6;1;0;0;0;normal;0;0;0
20180324;24/03/2018;3;7;0;1;0;0;normal;0;0;0
20180325;25/03/2018;3;1;0;0;1;0;normal;0;0;0
20180326;26/03/2018;3;2;1;0;0;0;normal;0;0;0
20180327;27/03/2018;3;3;1;0;0;0;normal;0;0;0
20180328;28/03/2018;3;4;1;0;0;0;normal;0;0;0
20180329;29/03/2018;3;5;1;0;0;0;normal;0;0;0
20180330;30/03/2018;3;6;1;0;0;0;feriado;1;0;0
20180331;31/03/2018;3;7;0;1;0;0;normal;0;0;0
20180401;01/04/2018;4;1;0;0;1;0;normal;0;0;0
20180402;02/04/2018;4;2;1;0;0;0;normal;0;0;0
20180403;03/04/2018;4;3;1;0;0;0;normal;0;0;0
20180404;04/04/2018;4;4;1;0;0;0;normal;0;0;0
20180405;05/04/2018;4;5;1;0;0;0;normal;0;0;0
20180406;06/04/2018;4;6;1;0;0;0;normal;0;0;0
20180407;07/04/2018;4;7;0;1;0;0;normal;0;0;0
20180408;08/04/2018;4;1;0;0;1;0;normal;0;0;0
20180409;09/04/2018;4;2;1;0;0;0;normal;0;0;0
20180410;10/04/2018;4;3;1;0;0;0;normal;0;0;0
20180411;11/04/2018;4;4;1;0;0;0;normal;0;0;0
20180412;12/04/2018;4;5;1;0;0;0;normal;0;0;0
20180413;13/04/2018;4;6;1;0;0;0;normal;0;0;0
20180414;14/04/2018;4;7;0;1;0;0;normal;0;0;0
20180415;15/04/2018;4;1;0;0;1;0;normal;0;0;0
20180416;16/04/2018;4;2;1;0;0;0;normal;0;0;0
20180417;17/04/2018;4;3;1;0;0;0;normal;0;0;0
20180418;18/04/2018;4;4;1;0;0;0;normal;0;0;0
20180419;19/04/2018;4;5;1;0;0;0;normal;0;0;0
20180420;20/04/2018;4;6;1;0;0;0;normal;0;0;0
20180421;21/04/2018;4;7;0;1;0;0;feriado;1;0;0
20180422;22/04/2018;4;1;0;0;1;0;normal;0;0;0
20180423;23/04/2018;4;2;1;0;0;0;normal;0;0;0
20180424;24/04/2018;4;3;1;0;0;0;normal;0;0;0
20180425;25/04/2018;4;4;1;0;0;0;normal;0;0;0
20180426;26/04/2018;4;5;1;0;0;0;normal;0;0;0
20180427;27/04/2018;4;6;1;0;0;0;normal;0;0;0
20180428;28/04/2018;4;7;0;1;0;0;normal;0;0;0
20180429;29/04/2018;4;1;0;0;1;0;normal;0;0;0
20180430;30/04/2018;4;2;1;0;0;0;ponte;0;1;0
20180501;01/05/2018;5;3;1;0;0;0;feriado;1;0;0
20180502;02/05/2018;5;4;1;0;0;0;normal;0;0;0
20180503;03/05/2018;5;5;1;0;0;0;normal;0;0;0
20180504;04/05/2018;5;6;1;0;0;0;normal;0;0;0
20180505;05/05/2018;5;7;0;1;0;0;normal;0;0;0
20180506;06/05/2018;5;1;0;0;1;0;normal;0;0;0
20180507;07/05/2018;5;2;1;0;0;0;normal;0;0;0
20180508;08/05/2018;5;3;1;0;0;0;normal;0;0;0
20180509;09/05/2018;5;4;1;0;0;0;normal;0;0;0
20180510;10/05/2018;5;5;1;0;0;0;normal;0;0;0
20180511;11/05/2018;5;6;1;0;0;0;normal;0;0;0
20180512;12/05/2018;5;7;0;1;0;0;normal;0;0;0
20180513;13/05/2018;5;1;0;0;1;0;normal;0;0;0
20180514;14/05/2018;5;2;1;0;0;0;normal;0;0;0
20180515;15/05/2018;5;3;1;0;0;0;normal;0;0;0
20180516;16/05/2018;5;4;1;0;0;0;normal;0;0;0
20180517;17/05/2018;5;5;1;0;0;0;normal;0;0;0
20180518;18/05/2018;5;6;1;0;0;0;normal;0;0;0
20180519;19/05/2018;5;7;0;1;0;0;normal;0;0;0
20180520;20/05/2018;5;1;0;0;1;0;normal;0;0;0
20180521;21/05/2018;5;2;1;0;0;0;normal;0;0;0
20180522;22/05/2018;5;3;1;0;0;0;normal;0;0;0
20180523;23/05/2018;5;4;1;0;0;0;normal;0;0;0
20180524;24/05/2018;5;5;1;0;0;0;normal;0;0;0
20180525;25/05/2018;5;6;1;0;0;0;normal;0;0;0
20180526;26/05/2018;5;7;0;1;0;0;normal;0;0;0
20180527;27/05/2018;5;1;0;0;1;0;normal;0;0;0
20180528;28/05/2018;5;2;1;0;0;0;normal;0;0;0
20180529;29/05/2018;5;3;1;0;0;0;normal;0;0;0
20180530;30/05/2018;5;4;1;0;0;0;normal;0;0;0
20180531;31/05/2018;5;5;1;0;0;0;feriado;1;0;0
20180601;01/06/2018;6;6;1;0;0;0;ponte;0;1;0
20180602;02/06/2018;6;7;0;1;0;0;normal;0;0;0
20180603;03/06/2018;6;1;0;0;1;0;normal;0;0;0
20180604;04/06/2018;6;2;1;0;0;0;normal;0;0;0
20180605;05/06/2018;6;3;1;0;0;0;normal;0;0;0
20180606;06/06/2018;6;4;1;0;0;0;normal;0;0;0
20180607;07/06/2018;6;5;1;0;0;0;normal;0;0;0
20180608;08/06/2018;6;6;1;0;0;0;normal;0;0;0
20180609;09/06/2018;6;7;0;1;0;0;normal;0;0;0
20180610;10/06/2018;6;1;0;0;1;0;normal;0;0;0
20180611;11/06/2018;6;2;1;0;0;0;normal;0;0;0
20180612;12/06/2018;6;3;1;0;0;0;normal;0;0;0
20180613;13/06/2018;6;4;1;0;0;0;normal;0;0;0
20180614;14/06/2018;6;5;1;0;0;0;normal;0;0;0
20180615;15/06/2018;6;6;1;0;0;0;normal;0;0;0
20180616;16/06/2018;6;7;0;1;0;0;normal;0;0;0
20180617;17/06/2018;6;1;0;0;1;0;normal;0;0;0
20180618;18/06/2018;6;2;1;0;0;0;normal;0;0;0
20180619;19/06/2018;6;3;1;0;0;0;normal;0;0;0
20180620;20/06/2018;6;4;1;0;0;0;normal;0;0;0
20180621;21/06/2018;6;5;1;0;0;0;normal;0;0;0
20180622;22/06/2018;6;6;1;0;0;0;normal;0;0;0
20180623;23/06/2018;6;7;0;1;0;0;normal;0;0;0
20180624;24/06/2018;6;1;0;0;1;0;normal;0;0;0
20180625;25/06/2018;6;2;1;0;0;0;normal;0;0;0
20180626;26/06/2018;6;3;1;0;0;0;normal;0;0;0
20180627;27/06/2018;6;4;1;0;0;0;normal;0;0;0
20180628;28/06/2018;6;5;1;0;0;0;normal;0;0;0
20180629;29/06/2018;6;6;1;0;0;0;normal;0;0;0
20180630;30/06/2018;6;7;0;1;0;0;normal;0;0;0
;;;;;;;;;;;
;;;;;;;;;;;
;;;;;;;;;;;
;;;;;;;;;;;
;;;;;;;;;;;
;;;;;;;;;;;
;;;;;;;;;;;
;;;;;;;;;;;
;;;;;;;;;;;
;;;;;;;;;;;
;;;;;;;;;;;
;;;;;;;;;;;
;;;;;;;;;;;
;;;;;;;;;;;
;;;;;;;;;;;
;;;;;;;;;;;
;;;;;;;;;;;
;;;;;;;;;;;
;;;;;;;;;;;
;;;;;;;;;;;
;;;;;;;;;;;
;;;;;;;;;;;
;;;;;;;;;;;
;;;;;;;;;;;
;;;;;;;;;;;
;;;;;;;;;;;
;;;;;;;;;;;
;;;;;;;;;;;
;;;;;;;;;;;
;;;;;;;;;;;
;;;;;;;;;;;
;;;;;;;;;;;
;;;;;;;;;;;
;;;;;;;;;;;
;;;;;;;;;;;
;;;;;;;;;;;
;;;;;;;;;;;
;;;;;;;;;;;
;;;;;;;;;;;
;;;;;;;;;;;
;;;;;;;;;;;
;;;;;;;;;;;
;;;;;;;;;;;
;;;;;;;;;;;
;;;;;;;;;;;
;;;;;;;;;;;
;;;;;;;;;;;
;;;;;;;;;;;
;;;;;;;;;;;
;;;;;;;;;;;
;;;;;;;;;;;
;;;;;;;;;;;
;;;;;;;;;;;
;;;;;;;;;;;
;;;;;;;;;;;
;;;;;;;;;;;
;;;;;;;;;;;
;;;;;;;;;;;
;;;;;;;;;;;
;;;;;;;;;;;
;;;;;;;;;;;
;;;;;;;;;;;
;;;;;;;;;;;
;;;;;;;;;;;
;;;;;;;;;;;
;;;;;;;;;;;
;;;;;;;;;;;
;;;;;;;;;;;
;;;;;;;;;;;
;;;;;;;;;;;
;;;;;;;;;;;
;;;;;;;;;;;
;;;;;;;;;;;
;;;;;;;;;;;
;;;;;;;;;;;
;;;;;;;;;;;
;;;;;;;;;;;
;;;;;;;;;;;
;;;;;;;;;;;
;;;;;;;;;;;
;;;;;;;;;;;
;;;;;;;;;;;
;;;;;;;;;;;
;;;;;;;;;;;
;;;;;;;;;;;
;;;;;;;;;;;
;;;;;;;;;;;
;;;;;;;;;;;
;;;;;;;;;;;
;;;;;;;;;;;
;;;;;;;;;;;
;;;;;;;;;;;
;;;;;;;;;;;
;;;;;;;;;;;
;;;;;;;;;;;
;;;;;;;;;;;
;;;;;;;;;;;
;;;;;;;;;;;
;;;;;;;;;;;
;;;;;;;;;;;
;;;;;;;;;;;
;;;;;;;;;;;
;;;;;;;;;;;
;;;;;;;;;;;
;;;;;;;;;;;
;;;;;;;;;;;
;;;;;;;;;;;
;;;;;;;;;;;
;;;;;;;;;;;
;;;;;;;;;;;
;;;;;;;;;;;
;;;;;;;;;;;
;;;;;;;;;;;
;;;;;;;;;;;
;;;;;;;;;;;
;;;;;;;;;;;
;;;;;;;;;;;
;;;;;;;;;;;
;;;;;;;;;;;
;;;;;;;;;;;
;;;;;;;;;;;
;;;;;;;;;;;
;;;;;;;;;;;
;;;;;;;;;;;
;;;;;;;;;;;
;;;;;;;;;;;
;;;;;;;;;;;
;;;;;;;;;;;
;;;;;;;;;;;
;;;;;;;;;;;
;;;;;;;;;;;
;;;;;;;;;;;
;;;;;;;;;;;
;;;;;;;;;;;
;;;;;;;;;;;
;;;;;;;;;;;
;;;;;;;;;;;
;;;;;;;;;;;
;;;;;;;;;;;
;;;;;;;;;;;
;;;;;;;;;;;
;;;;;;;;;;;
;;;;;;;;;;;
;;;;;;;;;;;
;;;;;;;;;;;
;;;;;;;;;;;
;;;;;;;;;;;
;;;;;;;;;;;
;;;;;;;;;;;
;;;;;;;;;;;
;;;;;;;;;;;
;;;;;;;;;;;
;;;;;;;;;;;
;;;;;;;;;;;
;;;;;;;;;;;
;;;;;;;;;;;
;;;;;;;;;;;
;;;;;;;;;;;
;;;;;;;;;;;
;;;;;;;;;;;
;;;;;;;;;;;
;;;;;;;;;;;
;;;;;;;;;;;
;;;;;;;;;;;
;;;;;;;;;;;
;;;;;;;;;;;
;;;;;;;;;;;
;;;;;;;;;;;
;;;;;;;;;;;
;;;;;;;;;;;
;;;;;;;;;;;
;;;;;;;;;;;
;;;;;;;;;;;
;;;;;;;;;;;
;;;;;;;;;;;
;;;;;;;;;;;
;;;;;;;;;;;
;;;;;;;;;;;
;;;;;;;;;;;
;;;;;;;;;;;
;;;;;;;;;;;
;;;;;;;;;;;
;;;;;;;;;;;
;;;;;;;;;;;
;;;;;;;;;;;
;;;;;;;;;;;
;;;;;;;;;;;
;;;;;;;;;;;
;;;;;;;;;;;
;;;;;;;;;;;
;;;;;;;;;;;
;;;;;;;;;;;
;;;;;;;;;;;
;;;;;;;;;;;
;;;;;;;;;;;
;;;;;;;;;;;
;;;;;;;;;;;
;;;;;;;;;;;
;;;;;;;;;;;
;;;;;;;;;;;
;;;;;;;;;;;
;;;;;;;;;;;
;;;;;;;;;;;
;;;;;;;;;;;
;;;;;;;;;;;
;;;;;;;;;;;
;;;;;;;;;;;
;;;;;;;;;;;
;;;;;;;;;;;
;;;;;;;;;;;
;;;;;;;;;;;
;;;;;;;;;;;
;;;;;;;;;;;
;;;;;;;;;;;
;;;;;;;;;;;
;;;;;;;;;;;
;;;;;;;;;;;
;;;;;;;;;;;
;;;;;;;;;;;
;;;;;;;;;;;
;;;;;;;;;;;
